205347724731,205356284986,3,-77.125000,-13.750000,-7.500000,
205367804731,205380602124,3,-77.375000,-13.750000,-7.250000,
205387852731,205393003792,3,-77.750000,-13.750000,-7.125000,
205407948731,205414412805,3,-78.000000,-13.750000,-7.000000,
205428028731,205433880411,3,-78.000000,-13.750000,-6.875000,
205448108731,205454491715,3,-78.000000,-13.750000,-6.750000,
205468156731,205477261457,3,-78.000000,-13.875000,-6.625000,
205488236731,205497408907,3,-78.250000,-13.875000,-6.375000,
205508316731,205514217346,3,-78.750000,-14.000000,-6.250000,
205528412731,205548707766,3,-79.250000,-14.000000,-6.000000,
205548460731,205557534954,3,-79.625000,-14.000000,-6.000000,
205568540731,205595517667,3,-79.875000,-13.875000,-5.875000,
205588620731,205620473815,3,-79.750000,-13.750000,-6.000000,
205608700731,205625979388,3,-79.750000,-13.750000,-6.000000,
205628764731,205635060118,3,-79.875000,-13.750000,-6.000000,
205648844731,205654843662,3,-79.875000,-13.875000,-6.000000,
205668924731,205680871321,3,-80.000000,-14.000000,-5.875000,
205689004731,205716065751,3,-80.000000,-14.250000,-5.875000,
205709084731,205719721898,3,-80.000000,-14.375000,-5.750000,
205729148731,205738318983,3,-79.875000,-14.500000,-5.750000,
205749228731,205753934609,3,-79.875000,-14.500000,-5.750000,
205769308731,205774680393,3,-79.750000,-14.500000,-5.500000,
205789388731,205793566176,3,-79.750000,-14.625000,-5.250000,
205809436731,205815453626,3,-79.875000,-14.625000,-4.875000,
205829532731,205844898212,3,-79.875000,-14.875000,-4.500000,
205849612731,205854833109,3,-80.000000,-15.000000,-4.375000,
205869692731,205878876236,3,-80.000000,-15.000000,-4.250000,
205889740731,205893710561,3,-80.000000,-15.125000,-4.250000,
205909820731,205922105460,3,-79.875000,-15.125000,-4.250000,
205929900731,205948962702,3,-79.750000,-15.000000,-4.125000,
205949996731,205955155463,3,-79.625000,-15.000000,-4.125000,
205970044731,205981380101,3,-79.625000,-15.000000,-4.000000,
205990124731,205995438592,3,-79.750000,-15.000000,-3.875000,
206010204731,206018022917,3,-79.875000,-15.250000,-3.625000,
206030284731,206041623023,3,-80.000000,-15.375000,-3.500000,
206050348731,206055399952,3,-80.000000,-15.500000,-3.250000,
206070460731,206076358808,3,-80.000000,-15.750000,-3.250000,
206090508731,206104694280,3,-80.000000,-15.750000,-3.125000,
206110588731,206114808135,3,-80.250000,-15.875000,-3.000000,
206130668731,206135614335,3,-80.500000,-16.000000,-2.875000,
206150732731,206154784597,3,-80.625000,-16.000000,-2.625000,
206170812731,206179429183,3,-80.625000,-16.000000,-2.375000,
206190892731,206195525018,3,-80.250000,-16.000000,-2.375000,
206210908731,206219352416,3,-80.000000,-16.125000,-2.375000,
206230988731,206241108460,3,-79.750000,-16.250000,-2.375000,
206251116731,206260853983,3,-79.625000,-16.500000,-2.500000,
206271196731,206275729661,3,-79.625000,-16.750000,-2.500000,
206291276731,206315025655,3,-79.625000,-17.000000,-2.500000,
206311324731,206320265499,3,-79.750000,-17.125000,-2.500000,
206331404731,206337920293,3,-79.750000,-17.250000,-2.375000,
206351484731,206356887222,3,-80.000000,-17.250000,-2.250000,
206371580731,206379093838,3,-80.375000,-17.250000,-2.125000,
206391628731,206400443528,3,-80.750000,-17.250000,-1.875000,
206411708731,206417496863,3,-81.000000,-17.250000,-1.750000,
206431788731,206442687022,3,-81.125000,-17.250000,-1.875000,
206451868731,206458830357,3,-81.125000,-17.250000,-2.250000,
206471932731,206476112181,3,-81.125000,-17.250000,-2.875000,
206492012731,206502887392,3,-81.125000,-17.250000,-3.625000,
206512092731,206517502133,3,-81.125000,-17.250000,-4.250000,
206532172731,206543311823,3,-81.125000,-17.250000,-4.625000,
206552252731,206558392606,3,-81.000000,-17.250000,-4.750000,
206572316731,206579566150,3,-81.000000,-17.375000,-4.750000,
206592396731,206614502091,3,-81.000000,-17.500000,-4.750000,
206612508731,206617663341,3,-81.000000,-17.625000,-4.750000,
206632556731,206641417406,3,-81.000000,-17.750000,-4.750000,
206652604731,206658345950,3,-81.000000,-17.750000,-4.750000,
206672700731,206677818191,3,-81.000000,-17.750000,-4.750000,
206692780731,206700970173,3,-81.125000,-18.000000,-4.750000,
206712860731,206718556945,3,-81.125000,-18.125000,-4.625000,
206732908731,206740777364,3,-81.125000,-18.125000,-4.625000,
206752988731,206762505647,3,-81.125000,-18.250000,-4.625000,
206773068731,206778749243,3,-80.875000,-18.125000,-4.625000,
206793164731,206809112162,3,-80.625000,-18.125000,-4.625000,
206813212731,206818685757,3,-80.375000,-18.125000,-4.875000,
206833292731,206845131072,3,-80.125000,-18.125000,-5.000000,
206853372731,206860511282,3,-80.125000,-18.125000,-5.000000,
206873452731,206879086076,3,-80.125000,-18.000000,-5.000000,
206893548731,206899721651,3,-80.125000,-17.875000,-5.000000,
206913596731,206923091965,3,-80.125000,-17.750000,-5.125000,
206933676731,206942219051,3,-80.000000,-17.500000,-5.125000,
206953756731,206958888375,3,-79.875000,-17.375000,-5.250000,
206973836731,206979396242,3,-79.750000,-17.250000,-5.375000,
206993900731,207039581144,3,-79.625000,-17.125000,-5.625000,
207013980731,207039595415,3,-79.625000,-17.125000,-5.875000,
207034028731,207071539064,3,-79.625000,-17.000000,-6.125000,
207054140731,207080309637,3,-79.625000,-17.000000,-6.250000,
207074252731,207085137190,3,-79.625000,-17.000000,-6.375000,
207094284731,207112803286,3,-79.625000,-17.000000,-6.500000,
207114396731,207122344485,3,-79.625000,-17.000000,-6.625000,
207134444731,207141324539,3,-79.625000,-17.000000,-6.750000,
207154492731,207167270063,3,-79.625000,-16.875000,-6.750000,
207174572731,207180964074,3,-79.625000,-16.875000,-6.750000,
207194668731,207205444754,3,-79.750000,-16.875000,-6.750000,
207214684731,207219657255,3,-79.750000,-16.875000,-6.625000,
207234828731,207243195435,3,-79.875000,-16.875000,-6.625000,
207254876731,207267805750,3,-79.875000,-16.875000,-6.500000,
207274956731,207279366324,3,-79.875000,-16.875000,-6.375000,
207295052731,207302919139,3,-80.000000,-16.875000,-6.375000,
207315132731,207328504402,3,-80.000000,-16.875000,-6.375000,
207335180731,207340694924,3,-80.125000,-16.875000,-6.625000,
207355260731,207374832479,3,-80.125000,-16.875000,-6.875000,
207375340731,207383421803,3,-80.000000,-16.875000,-7.375000,
207395420731,207424978265,3,-79.625000,-16.750000,-8.000000,
207415484731,207438579048,3,-79.250000,-16.500000,-8.500000,
207435564731,207440703684,3,-78.750000,-16.375000,-9.000000,
207455644731,207461908217,3,-78.375000,-16.250000,-9.375000,
207475724731,207550231143,3,-78.000000,-16.125000,-9.500000,
207495772731,207550253643,3,-77.875000,-16.125000,-9.500000,
207515868731,207550274945,3,-77.875000,-16.125000,-9.500000,
207535948731,207550296663,3,-77.875000,-16.000000,-9.500000,
207556028731,207562031560,3,-78.000000,-15.875000,-9.625000,
207576076731,207587329427,3,-78.000000,-15.875000,-9.625000,
207596156731,207608123075,3,-78.000000,-15.750000,-9.875000,
207616252731,207623921723,3,-78.000000,-15.625000,-10.000000,
207636332731,207642098131,3,-78.000000,-15.500000,-10.250000,
207656380731,207681623395,3,-78.000000,-15.500000,-10.500000,
207676492731,207681646885,3,-78.000000,-15.500000,-10.625000,
207696540731,207709067825,3,-78.000000,-15.375000,-10.750000,
207716636731,207738596682,3,-77.375000,-15.250000,-11.000000,
207736716731,207741887464,3,-76.875000,-15.250000,-11.125000,
207756764731,207764012205,3,-76.375000,-15.125000,-11.375000,
207776844731,207784228770,3,-76.000000,-15.125000,-11.625000,
207796924731,207801967053,3,-76.000000,-15.125000,-11.500000,
207817004731,207822430128,3,-76.000000,-15.125000,-11.500000,
207837068731,207841368619,3,-76.000000,-15.125000,-11.625000,
207857148731,207863094872,3,-76.125000,-15.125000,-11.625000,
207877260731,207882388728,3,-76.125000,-15.125000,-11.625000,
207897308731,207902231021,3,-76.125000,-15.125000,-11.625000,
207917356731,207932068160,3,-76.125000,-15.125000,-11.625000,
207937452731,207941692379,3,-76.125000,-15.125000,-11.750000,
207957532731,207974928320,3,-76.000000,-15.125000,-11.750000,
207977612731,207988079363,3,-76.000000,-15.125000,-11.625000,
207997660731,208006190771,3,-76.000000,-15.250000,-11.500000,
208017740731,208023052283,3,-76.000000,-15.250000,-11.375000,
208037836731,208044085983,3,-76.000000,-15.375000,-11.375000,
208057916731,208066506350,3,-76.000000,-15.375000,-11.250000,
208077996731,208082596196,3,-76.125000,-15.375000,-11.250000,
208098044731,208148805473,3,-76.125000,-15.375000,-11.125000,
208118124731,208148829588,3,-76.250000,-15.500000,-11.125000,
208138204731,208148852036,3,-76.375000,-15.625000,-11.125000,
208158300731,208167342037,3,-76.375000,-15.625000,-11.250000,
208178348731,208185960737,3,-76.375000,-15.625000,-11.250000,
208198428731,208202320374,3,-76.375000,-15.500000,-11.250000,
208218476731,208224709126,3,-76.375000,-15.250000,-11.250000,
208238540731,208242956680,3,-76.500000,-15.125000,-11.250000,
208258652731,208264360485,3,-76.500000,-15.000000,-11.125000,
208278732731,208296787831,3,-76.500000,-15.000000,-11.125000,
208298812731,208305865957,3,-76.500000,-14.875000,-11.125000,
208318892731,208333078200,3,-76.500000,-14.750000,-11.125000,
208338940731,208351112629,3,-76.500000,-14.625000,-11.125000,
208359036731,208366457213,3,-76.500000,-14.750000,-11.125000,
208379084731,208394054091,3,-76.500000,-14.875000,-11.125000,
208399196731,208403038623,3,-76.500000,-15.000000,-11.125000,
208419276731,208431283366,3,-76.500000,-15.125000,-11.125000,
208439324731,208447740867,3,-76.500000,-15.000000,-11.125000,
208459420731,208472018266,3,-76.500000,-14.875000,-11.000000,
208479500731,208483541913,3,-76.500000,-14.625000,-10.625000,
208499580731,208516158947,3,-76.500000,-14.375000,-10.125000,
208519628731,208528077750,3,-76.625000,-14.250000,-9.625000,
208539708731,208548436138,3,-76.750000,-14.250000,-9.000000,
208559788731,208565148483,3,-76.875000,-14.250000,-8.750000,
208579884731,208598437966,3,-77.000000,-14.250000,-8.500000,
208599932731,208605346821,3,-77.000000,-14.250000,-8.500000,
208620012731,208643273074,3,-77.125000,-14.250000,-8.875000,
208640124731,208659869482,3,-77.125000,-14.250000,-9.125000,
208660172731,208679027765,3,-77.250000,-14.250000,-9.375000,
208680236731,208690667975,3,-77.250000,-14.125000,-9.500000,
208700316731,208704582872,3,-77.250000,-14.000000,-9.500000,
208720396731,208726996051,3,-77.250000,-13.875000,-9.500000,
208740476731,208765715951,3,-77.250000,-13.875000,-9.500000,
208760556731,208768414962,3,-77.250000,-13.875000,-9.500000,
208780620731,208809125487,3,-77.250000,-13.750000,-9.250000,
208800700731,208809163455,3,-77.250000,-13.750000,-8.250000,
208820780731,208833740854,3,-77.250000,-13.625000,-7.250000,
208840860731,208846326845,3,-77.250000,-13.750000,-6.375000,
208860908731,208865741690,3,-77.375000,-13.750000,-5.500000,
208881004731,208889413463,3,-77.875000,-13.750000,-5.125000,
208901084731,208907406955,3,-78.375000,-13.875000,-5.000000,
208921164731,208929015290,3,-78.750000,-14.000000,-5.000000,
208941212731,208946145344,3,-79.125000,-14.125000,-5.000000,
208961292731,208969129669,3,-79.125000,-14.375000,-5.125000,
208981372731,208990955921,3,-79.000000,-14.250000,-5.250000,
209001468731,209005965402,3,-78.875000,-14.250000,-5.250000,
209021548731,209034468530,3,-78.875000,-14.250000,-5.250000,
209041628731,209046879833,3,-78.750000,-14.250000,-5.250000,
209061644731,209070718117,3,-78.750000,-14.125000,-5.250000,
209081756731,209092824369,3,-78.750000,-14.125000,-5.250000,
209101820731,209114307809,3,-78.750000,-14.125000,-5.250000,
209121900731,209126625518,3,-78.750000,-14.250000,-5.250000,
209141980731,209146064322,3,-78.875000,-14.250000,-5.250000,
209162092731,209172508075,3,-78.875000,-14.625000,-5.000000,
209182140731,209186103128,3,-79.000000,-14.875000,-4.875000,
209202204731,209206989589,3,-79.000000,-15.125000,-4.875000,
209222252731,209230424539,3,-79.000000,-15.250000,-4.875000,
209242300731,209258966469,3,-79.000000,-15.250000,-5.125000,
209262444731,209272193710,3,-78.875000,-15.250000,-5.375000,
209282508731,209312684235,3,-78.875000,-15.375000,-5.625000,
209302588731,209312704756,3,-78.875000,-15.500000,-5.750000,
209322668731,209332490330,3,-78.875000,-15.750000,-5.875000,
209342748731,209346992311,3,-78.875000,-15.875000,-6.000000,
209362796731,209368638511,3,-78.875000,-15.875000,-6.125000,
209382876731,209389652680,3,-78.875000,-15.750000,-6.375000,
209402972731,209430578569,3,-78.875000,-15.750000,-6.500000,
209423052731,209430624090,3,-79.125000,-15.625000,-6.625000,
209443100731,209455405968,3,-79.750000,-15.875000,-6.250000,
209463180731,209475340449,3,-80.250000,-16.000000,-5.875000,
209483260731,209517405609,3,-80.625000,-16.375000,-5.250000,
209503356731,209524227173,3,-80.875000,-16.875000,-4.875000,
209523404731,209528897538,3,-80.500000,-17.000000,-4.875000,
209543484731,209550445300,3,-80.250000,-17.250000,-5.000000,
209563564731,209569775771,3,-79.875000,-17.250000,-5.125000,
209583644731,209594882961,3,-79.625000,-17.250000,-5.125000,
209603724731,209610221139,3,-79.375000,-17.125000,-5.125000,
209623788731,209637617444,3,-79.250000,-17.125000,-5.125000,
209643868731,209651236508,3,-79.250000,-17.125000,-5.125000,
209663948731,209669394531,3,-79.125000,-17.125000,-5.250000,
209684028731,209700581148,3,-79.125000,-17.250000,-5.375000,
209704092731,209709354483,3,-79.125000,-17.375000,-5.375000,
209724172731,209728783703,3,-79.125000,-17.375000,-5.500000,
209744252731,209752771518,3,-79.125000,-17.375000,-5.625000,
209764332731,209769841832,3,-79.125000,-17.375000,-5.625000,
209784380731,209789714699,3,-79.125000,-17.375000,-5.875000,
209804460731,209808939493,3,-79.125000,-17.375000,-6.000000,
209824556731,209829291734,3,-79.125000,-17.375000,-6.375000,
209844636731,209850521059,3,-79.125000,-17.375000,-6.625000,
209864684731,209869285436,3,-79.000000,-17.375000,-6.750000,
209884764731,209892466376,3,-79.000000,-17.250000,-7.000000,
209904844731,209909190544,3,-78.875000,-17.250000,-6.875000,
209924940731,209930914036,3,-78.875000,-17.250000,-6.875000,
209945020731,209952477840,3,-78.875000,-17.250000,-6.875000,
209965068731,209980621385,3,-78.875000,-17.375000,-7.000000,
209985148731,209993051125,3,-78.875000,-17.250000,-7.375000,
210005228731,210009832065,3,-78.750000,-17.500000,-8.000000,
210025308731,210030134462,3,-78.625000,-17.750000,-8.625000,
210045372731,210057903372,3,-78.500000,-17.750000,-9.250000,
210065452731,210072316394,3,-78.375000,-18.000000,-10.000000,
210085532731,210096324313,3,-78.375000,-17.875000,-10.500000,
210105612731,210135062129,3,-78.375000,-17.625000,-10.875000,
210125660731,210139499578,3,-78.375000,-17.250000,-11.125000,
210145788731,210153378173,3,-78.250000,-16.750000,-11.250000,
210165836731,210176128279,3,-78.125000,-16.375000,-11.250000,
210185916731,210191902968,3,-78.000000,-16.250000,-11.250000,
210205996731,210221948700,3,-77.750000,-16.250000,-11.250000,
210226028731,210234195889,3,-77.750000,-16.250000,-11.250000,
210246108731,210251449485,3,-77.625000,-16.250000,-11.375000,
210266220731,210271446049,3,-77.500000,-16.375000,-11.500000,
210286364731,210297011468,3,-77.500000,-16.375000,-11.500000,
210306348731,210323432825,3,-77.500000,-16.500000,-11.625000,
210326428731,210336389962,3,-77.500000,-16.500000,-11.625000,
210346524731,210355113662,3,-77.500000,-16.500000,-11.625000,
210366604731,210376821789,3,-77.500000,-16.125000,-11.750000,
210386652731,210403948979,3,-77.375000,-15.875000,-11.875000,
210406732731,210414288042,3,-77.125000,-15.625000,-12.125000,
210426812731,210434791899,3,-76.625000,-15.375000,-12.375000,
210446892731,210459601953,3,-76.250000,-15.375000,-12.625000,
210466956731,210474982736,3,-75.375000,-15.375000,-13.000000,
210487036731,210491582790,3,-74.750000,-15.250000,-13.250000,
210507084731,210521200813,3,-74.500000,-15.250000,-13.375000,
210527196731,210541693628,3,-74.500000,-15.250000,-13.375000,
210547244731,210551612692,3,-74.875000,-15.125000,-13.250000,
210567340731,210572326964,3,-75.250000,-15.125000,-13.125000,
210587420731,210592231081,3,-75.500000,-15.125000,-13.000000,
210607500731,210618404469,3,-75.000000,-15.125000,-13.250000,
210627580731,210631431658,3,-74.750000,-15.125000,-13.375000,
210647628731,210654531973,3,-74.500000,-15.125000,-13.500000,
210667724731,210679802600,3,-74.375000,-15.125000,-13.500000,
210687804731,210692361299,3,-74.875000,-15.125000,-13.250000,
210707884731,210717782239,3,-75.250000,-15.000000,-13.125000,
210727932731,210734800783,3,-75.500000,-14.875000,-13.000000,
210748012731,210760549952,3,-75.750000,-14.750000,-12.875000,
210768108731,210784303444,3,-75.750000,-14.625000,-12.625000,
210788188731,210793062611,3,-75.750000,-14.500000,-12.625000,
210808236731,210821845323,3,-75.750000,-14.250000,-12.000000,
210828316731,210835677980,3,-75.625000,-14.000000,-11.250000,
210848428731,210863016316,3,-75.625000,-13.875000,-10.500000,
210868476731,210878815797,3,-75.500000,-13.875000,-9.750000,
210888540731,210900786997,3,-75.500000,-13.875000,-9.375000,
210908620731,210917958561,3,-75.500000,-13.875000,-9.375000,
210928700731,210948625023,3,-75.500000,-13.875000,-9.375000,
210948812731,210953502315,3,-75.500000,-13.875000,-9.375000,
210968860731,210974432577,3,-75.500000,-13.875000,-9.375000,
210988924731,210992868360,3,-75.500000,-13.750000,-9.375000,
211009004731,211013775654,3,-75.500000,-13.750000,-9.375000,
211029084731,211034170917,3,-75.375000,-13.625000,-9.375000,
211049164731,211053084304,3,-75.375000,-13.625000,-9.375000,
211069212731,211073776702,3,-75.375000,-13.625000,-9.375000,
211089308731,211095419048,3,-75.375000,-13.625000,-9.375000,
211109388731,211121535196,3,-75.375000,-13.625000,-9.375000,
211129468731,211134951291,3,-75.500000,-13.625000,-9.250000,
211149516731,211155142231,3,-75.625000,-13.625000,-9.125000,
211169596731,211183740202,3,-75.625000,-13.625000,-9.000000,
211189692731,211195665516,3,-75.750000,-13.625000,-8.875000,
211209708731,211216190570,3,-76.125000,-13.750000,-8.750000,
211229788731,211234810103,3,-76.750000,-13.750000,-8.375000,
211249868731,211254856459,3,-77.250000,-13.750000,-8.125000,
211269980731,211278644222,3,-77.750000,-13.750000,-7.750000,
211290076731,211296761360,3,-78.125000,-13.875000,-7.125000,
211310156731,211324278550,3,-78.125000,-13.875000,-6.375000,
211330204731,211337067614,3,-78.375000,-14.000000,-5.750000,
211350316731,211363856679,3,-78.375000,-14.000000,-5.375000,
211370364731,211390125744,3,-78.250000,-14.000000,-5.250000,
211390460731,211395709859,3,-78.375000,-14.375000,-5.500000,
211410508731,211416163663,3,-78.375000,-14.750000,-5.500000,
211430588731,211437077780,3,-78.375000,-15.250000,-5.500000,
211450668731,211462885855,3,-78.375000,-15.500000,-5.500000,
211470748731,211481760753,3,-78.375000,-15.500000,-5.500000,
211490812731,211496736327,3,-78.375000,-15.375000,-5.500000,
211510892731,211515013985,3,-78.375000,-15.375000,-5.500000,
211530972731,211536300342,3,-78.375000,-15.250000,-5.500000,
211551052731,211555798781,3,-78.375000,-15.375000,-5.500000,
211571100731,211576790658,3,-78.750000,-15.500000,-5.375000,
211591180731,211601882744,3,-78.875000,-15.500000,-5.250000,
211611276731,211616261756,3,-79.000000,-15.625000,-5.250000,
211631388731,211642312488,3,-79.125000,-15.625000,-5.125000,
211651404731,211675324783,3,-78.875000,-15.500000,-5.250000,
211671484731,211683951242,3,-78.750000,-15.500000,-5.125000,
211691564731,211696074160,3,-78.625000,-15.500000,-5.125000,
211711660731,211722188798,3,-78.500000,-15.500000,-5.125000,
211731740731,211736309685,3,-78.375000,-15.625000,-5.000000,
211751788731,211756235259,3,-78.375000,-15.750000,-4.875000,
211771868731,211783081512,3,-78.375000,-16.000000,-4.625000,
211791948731,211804650108,3,-78.375000,-16.375000,-4.375000,
211812044731,211820052037,3,-78.375000,-16.750000,-4.250000,
211832092731,211841942351,3,-78.375000,-17.000000,-4.250000,
211852172731,211856604697,3,-78.375000,-17.000000,-4.250000,
211872252731,211878304959,3,-78.500000,-17.000000,-4.250000,
211892332731,211899357305,3,-78.625000,-17.000000,-4.125000,
211912412731,211916739650,3,-78.750000,-17.000000,-4.125000,
211932476731,211950276841,3,-78.875000,-17.000000,-4.000000,
211952588731,211956459915,3,-78.875000,-17.000000,-4.000000,
211972636731,211981846792,3,-78.875000,-16.875000,-4.000000,
211992684731,212002784555,3,-78.875000,-16.875000,-4.125000,
212012764731,212017007629,3,-78.875000,-16.875000,-4.250000,
212032860731,212045189194,3,-78.750000,-16.875000,-4.500000,
212052940731,212062288155,3,-78.625000,-16.875000,-4.875000,
212073020731,212082076334,3,-78.375000,-17.000000,-5.125000,
212093068731,212101193263,3,-78.250000,-17.000000,-5.250000,
212113180731,212126299567,3,-78.250000,-17.000000,-5.375000,
212133244731,212148060038,3,-78.375000,-17.000000,-5.375000,
212153324731,212176783583,3,-78.625000,-17.000000,-5.375000,
212173372731,212186204521,3,-78.750000,-17.125000,-5.375000,
212193452731,212197661970,3,-78.875000,-17.125000,-5.375000,
212213532731,212225255723,3,-78.875000,-17.250000,-5.375000,
212233564731,212237913641,3,-78.875000,-17.500000,-5.500000,
212253644731,212257486195,3,-78.875000,-17.625000,-5.625000,
212273756731,212283663802,3,-78.750000,-17.875000,-5.750000,
212293836731,212314121096,3,-78.625000,-18.250000,-6.000000,
212313916731,212320048701,3,-78.625000,-18.500000,-6.375000,
212333996731,212343731464,3,-78.125000,-18.625000,-6.750000,
212354060731,212380138707,3,-78.000000,-18.750000,-7.000000,
212374140731,212382274853,3,-77.750000,-18.750000,-7.125000,
212394220731,212404636574,3,-77.500000,-18.625000,-7.250000,
212414300731,212418910169,3,-77.500000,-18.500000,-7.250000,
212434348731,212458691632,3,-77.375000,-18.375000,-7.250000,
212454476731,212460437361,3,-77.250000,-18.250000,-7.375000,
212474524731,212481886998,3,-77.125000,-18.250000,-7.500000,
212494604731,212514106637,3,-77.125000,-18.250000,-7.500000,
212514652731,212521049034,3,-77.125000,-18.250000,-8.000000,
212534732731,212540954765,3,-77.125000,-18.250000,-8.375000,
212554844731,212559101225,3,-77.125000,-18.250000,-8.750000,
212574908731,212581092373,3,-77.125000,-18.000000,-9.125000,
212595052731,212613699720,3,-77.125000,-17.500000,-9.250000,
212615036731,212620290241,3,-77.125000,-17.125000,-9.250000,
212635116731,212642452744,3,-77.125000,-16.750000,-9.125000,
212655196731,212662289256,3,-77.250000,-16.625000,-9.125000,
212675292731,212683907071,3,-77.250000,-16.625000,-9.125000,
212695340731,212716494209,3,-77.250000,-16.625000,-9.125000,
212715420731,212721246345,3,-77.125000,-16.750000,-9.125000,
212735500731,212750539733,3,-77.125000,-16.750000,-9.250000,
212755580731,212761286714,3,-76.875000,-16.750000,-9.250000,
212775676731,212788454269,3,-76.625000,-16.875000,-9.375000,
212795724731,212807244843,3,-76.375000,-16.875000,-9.500000,
212815804731,212819588803,3,-76.125000,-16.875000,-9.500000,
212835884731,212845521983,3,-76.125000,-16.875000,-9.500000,
212855932731,212876785371,3,-76.250000,-16.875000,-9.250000,
212876028731,212884738966,3,-76.250000,-16.875000,-9.000000,
212896108731,212910308864,3,-76.375000,-16.750000,-8.875000,
212916188731,212946188555,3,-76.375000,-16.625000,-8.625000,
212936268731,212951908608,3,-76.375000,-16.375000,-8.500000,
212956316731,212979294444,3,-76.375000,-16.000000,-8.500000,
212976412731,213009143978,3,-76.375000,-15.875000,-8.625000,
212996492731,213042249346,3,-76.375000,-15.625000,-8.625000,
213016572731,213042271481,3,-76.375000,-15.625000,-8.750000,
213036620731,213058184920,3,-76.375000,-15.750000,-8.750000,
213056700731,213069809869,3,-76.375000,-15.875000,-8.750000,
213076780731,213084877058,3,-76.375000,-16.125000,-8.875000,
213096876731,213111327894,3,-76.375000,-16.250000,-8.875000,
213116924731,213124090604,3,-76.375000,-16.125000,-8.875000,
213137004731,213154699670,3,-76.375000,-15.875000,-8.875000,
213157084731,213161903264,3,-76.375000,-15.625000,-8.875000,
213177180731,213181851964,3,-76.375000,-15.375000,-8.875000,
213197228731,213202849883,3,-76.500000,-15.250000,-8.750000,
213217308731,213229860458,3,-76.500000,-15.125000,-8.625000,
213237356731,213246518950,3,-76.500000,-15.125000,-8.500000,
213257420731,213269959160,3,-76.500000,-15.125000,-8.375000,
213277532731,213283009891,3,-76.500000,-15.125000,-8.375000,
213297612731,213307555570,3,-76.500000,-15.125000,-8.125000,
213317692731,213324745728,3,-76.500000,-15.125000,-8.000000,
213337772731,213357119221,3,-76.375000,-15.250000,-7.750000,
213357852731,213367421097,3,-76.375000,-15.250000,-7.500000,
213377916731,213392443391,3,-76.500000,-15.375000,-7.500000,
213397996731,213413039695,3,-76.750000,-15.375000,-7.375000,
213418076731,213434424125,3,-76.875000,-15.375000,-7.375000,
213438156731,213442516730,3,-77.000000,-15.375000,-7.250000,
213458204731,213474548868,3,-77.000000,-15.375000,-7.000000,
213478284731,213482820171,3,-77.000000,-15.500000,-6.750000,
213498380731,213511181997,3,-77.000000,-15.500000,-6.500000,
213518460731,213540056062,3,-77.000000,-15.500000,-6.375000,
213538508731,213546590594,3,-77.000000,-15.500000,-6.250000,
213558588731,213568533773,3,-77.125000,-15.500000,-6.250000,
213578668731,213590982005,3,-77.250000,-15.500000,-6.250000,
213598764731,213608171746,3,-77.375000,-15.500000,-6.125000,
213618812731,213626207269,3,-77.500000,-15.500000,-6.125000,
213638892731,213645414771,3,-77.625000,-15.500000,-5.875000,
213658972731,213666087116,3,-77.750000,-15.375000,-5.750000,
213679052731,213683476076,3,-77.750000,-15.500000,-5.500000,
213699132731,213705602485,3,-77.875000,-15.500000,-5.250000,
213719196731,213724189466,3,-77.875000,-15.875000,-5.250000,
213739276731,213748926083,3,-78.000000,-16.250000,-5.250000,
213759356731,213770549314,3,-78.000000,-16.375000,-5.250000,
213779436731,213785222441,3,-78.125000,-16.625000,-5.250000,
213799500731,213819647132,3,-78.125000,-16.500000,-5.250000,
213819612731,213831920362,3,-78.125000,-16.500000,-5.250000,
213839660731,213856227552,3,-78.125000,-16.500000,-5.250000,
213859740731,213868617293,3,-78.125000,-16.500000,-5.125000,
213879788731,213885526513,3,-78.125000,-16.500000,-5.125000,
213899868731,213909376411,3,-78.125000,-16.750000,-5.125000,
213919964731,213937419331,3,-78.125000,-17.000000,-5.125000,
213940044731,213957484281,3,-78.125000,-17.125000,-5.125000,
213960124731,213975784387,3,-78.250000,-17.375000,-5.125000,
213980172731,213985007565,3,-78.250000,-16.875000,-5.125000,
214000252731,214005028713,3,-78.375000,-16.625000,-5.125000,
214020348731,214030217673,3,-78.375000,-16.500000,-5.125000,
214040396731,214044702362,3,-78.375000,-16.250000,-5.125000,
214060476731,214067247052,3,-78.375000,-16.500000,-5.125000,
214080556731,214085161429,3,-78.375000,-16.500000,-5.250000,
214100636731,214113874296,3,-78.500000,-16.500000,-5.250000,
214120716731,214135065861,3,-78.500000,-16.625000,-5.250000,
214140780731,214146430185,3,-78.500000,-16.750000,-5.375000,
214160860731,214166463781,3,-78.375000,-16.750000,-5.375000,
214180940731,214193414773,3,-78.125000,-16.750000,-5.500000,
214201020731,214208623004,3,-78.000000,-16.750000,-5.500000,
214221100731,214240174726,3,-78.000000,-16.625000,-5.625000,
214241164731,214246888737,3,-77.875000,-16.375000,-5.750000,
214261212731,214265854051,3,-77.875000,-16.375000,-5.875000,
214281324731,214286013480,3,-77.875000,-16.250000,-6.000000,
214301404731,214307396034,3,-77.875000,-16.250000,-6.125000,
214321452731,214326110151,3,-77.875000,-16.250000,-6.125000,
214341548731,214349256299,3,-77.875000,-16.250000,-6.125000,
214361628731,214377395260,3,-77.875000,-16.250000,-6.125000,
214381708731,214389627345,3,-77.875000,-16.250000,-6.250000,
214401756731,214417190837,3,-77.875000,-16.250000,-6.375000,
214421836731,214433818964,3,-77.875000,-16.250000,-6.500000,
214441932731,214446732298,3,-77.875000,-16.375000,-6.875000,
214462012731,214467967613,3,-77.875000,-16.500000,-7.250000,
214482060731,214493554386,3,-77.875000,-16.625000,-7.500000,
214502140731,214507275950,3,-77.875000,-16.750000,-7.875000,
214522220731,214527947775,3,-77.875000,-16.875000,-7.875000,
214542300731,214547614860,3,-77.875000,-17.000000,-8.000000,
214562364731,214576862155,3,-77.875000,-17.125000,-8.125000,
214582444731,214587418979,3,-77.750000,-17.125000,-8.250000,
214602524731,214607668825,3,-77.625000,-17.125000,-8.250000,
214622604731,214630605129,3,-77.375000,-17.125000,-8.250000,
214642716731,214647471068,3,-77.250000,-17.000000,-8.250000,
214662748731,214680518624,3,-77.250000,-16.875000,-8.250000,
214682828731,214688064197,3,-77.125000,-16.500000,-8.375000,
214702908731,214709769304,3,-77.125000,-16.125000,-8.500000,
214722988731,214733421910,3,-77.125000,-15.875000,-8.500000,
214743036731,214748112849,3,-77.000000,-15.625000,-8.375000,
214763132731,214777565873,3,-77.000000,-15.750000,-8.375000,
214783212731,214800230094,3,-77.000000,-15.750000,-8.375000,
214803292731,214808797959,3,-77.000000,-15.750000,-8.375000,
214823340731,214831606660,3,-77.000000,-15.625000,-8.375000,
214843420731,214868558538,3,-77.000000,-15.500000,-8.375000,
214863516731,214872076039,3,-77.000000,-15.500000,-8.375000,
214883596731,214898253281,3,-77.000000,-15.375000,-8.375000,
214903676731,214908589428,3,-77.125000,-15.375000,-8.250000,
214923724731,214939742399,3,-77.250000,-15.375000,-8.125000,
214943804731,214948478702,3,-77.250000,-15.375000,-8.000000,
214963884731,214969432923,3,-77.375000,-15.375000,-7.875000,
214983980731,214995926416,3,-77.375000,-15.375000,-7.750000,
215004028731,215007761677,3,-77.375000,-15.375000,-7.750000,
215024140731,215043811472,3,-77.375000,-15.375000,-7.750000,
215044188731,215050181108,3,-77.625000,-15.250000,-7.625000,
215064268731,215072253819,3,-77.750000,-15.250000,-7.500000,
215084332731,215099686582,3,-77.875000,-15.125000,-7.375000,
215104412731,215108677416,3,-78.000000,-15.125000,-7.375000,
215124492731,215132232887,3,-78.000000,-15.250000,-7.500000,
215144572731,215148599399,3,-77.875000,-15.250000,-7.625000,
215164620731,215178942267,3,-77.750000,-15.250000,-7.750000,
215184716731,215191961435,3,-77.625000,-15.250000,-7.875000,
215204796731,215219159042,3,-77.500000,-15.250000,-7.500000,
215224876731,215239003211,3,-77.500000,-15.375000,-6.750000,
215244892731,215251246649,3,-77.375000,-15.375000,-6.125000,
215264988731,215269552172,3,-77.375000,-15.375000,-5.625000,
215285100731,215295066654,3,-77.375000,-15.500000,-5.375000,
215305180731,215309336134,3,-77.500000,-15.500000,-5.375000,
215325260731,215333444157,3,-77.500000,-15.625000,-5.500000,
215345308731,215357968014,3,-77.500000,-15.750000,-5.500000,
215365388731,215372030880,3,-77.500000,-15.750000,-5.500000,
215385484731,215403052029,3,-77.500000,-15.750000,-5.625000,
215405564731,215413729895,3,-77.500000,-15.750000,-5.500000,
215425612731,215429910209,3,-77.500000,-15.750000,-5.500000,
215445692731,215460441201,3,-77.500000,-15.875000,-5.500000,
215465772731,215473206671,3,-77.625000,-16.000000,-5.500000,
215485868731,215494073705,3,-77.625000,-16.250000,-5.500000,
215505916731,215514810478,3,-77.625000,-16.375000,-5.625000,
215525996731,215531361573,3,-77.625000,-16.625000,-5.625000,
215546076731,215556366367,3,-77.625000,-16.625000,-5.500000,
215566156731,215571393712,3,-77.625000,-16.625000,-5.250000,
215586236731,215591897360,3,-77.625000,-16.750000,-4.875000,
215606300731,215611515279,3,-77.875000,-16.875000,-4.625000,
215626412731,215631924396,3,-78.125000,-17.125000,-4.250000,
215646460731,215659229971,3,-78.500000,-17.500000,-4.125000,
215666540731,215681539244,3,-79.000000,-17.750000,-4.000000,
215686588731,215694743725,3,-79.125000,-18.125000,-3.875000,
215706684731,215712217164,3,-79.125000,-18.250000,-3.875000,
215726764731,215732212218,3,-79.125000,-18.250000,-4.000000,
215746844731,215756261179,3,-79.125000,-18.250000,-4.000000,
215766892731,215771817847,3,-79.125000,-18.250000,-4.125000,
215786972731,215797330558,3,-79.125000,-18.250000,-4.125000,
215807068731,215812895924,3,-79.125000,-18.125000,-4.125000,
215827148731,215853768480,3,-79.125000,-18.000000,-4.125000,
215847196731,215856060668,3,-79.125000,-18.000000,-4.125000,
215867276731,215871858690,3,-79.125000,-17.875000,-4.250000,
215887356731,215916178278,3,-79.125000,-17.750000,-4.375000,
215907452731,215916202236,3,-79.125000,-17.375000,-4.375000,
215927532731,215932096300,3,-79.125000,-17.125000,-4.500000,
215947580731,215962389376,3,-79.125000,-16.750000,-4.500000,
215967660731,215973938753,3,-79.000000,-16.500000,-4.500000,
215987740731,215996619588,3,-79.000000,-16.750000,-4.500000,
216007820731,216035325061,3,-78.875000,-16.750000,-4.500000,
216027884731,216044571364,3,-78.875000,-16.875000,-4.375000,
216047996731,216061634282,3,-78.875000,-16.875000,-4.375000,
216068044731,216075692929,3,-78.875000,-17.000000,-4.375000,
216088124731,216098002932,3,-78.750000,-17.000000,-4.375000,
216108172731,216113600746,3,-78.625000,-17.000000,-4.500000,
216128268731,216132360122,3,-78.500000,-17.000000,-4.500000,
216148348731,216180795700,3,-78.375000,-17.000000,-4.625000,
216168428731,216186081794,3,-78.375000,-17.000000,-4.500000,
216188508731,216196480806,3,-78.375000,-17.000000,-4.500000,
216208556731,216239483102,3,-78.375000,-17.000000,-4.500000,
216228652731,216239518154,3,-78.375000,-17.000000,-4.375000,
216248700731,216278788575,3,-78.750000,-17.000000,-4.250000,
