205347724731,205356170716,3,0.167594,0.220267,0.062249,
205357772731,205361347018,3,0.129287,0.181959,0.134075,
205367804731,205380411291,3,0.162806,0.143652,0.086191,
205377820731,205382086083,3,0.138864,0.095768,0.177171,
205387852731,205391197855,3,0.119710,0.076614,0.320823,
205397900731,205410119888,3,0.019154,0.186748,0.253785,
205407948731,205414237232,3,0.067038,0.201113,0.134075,
205417980731,205420592649,3,0.090980,0.215478,0.071826,
205428028731,205432435254,3,-0.028730,0.205901,0.162806,
205438060731,205446425464,3,0.000000,0.210690,0.158017,
205448108731,205454351507,3,-0.004788,0.248997,0.004788,
205458124731,205465561091,3,-0.023942,0.225055,0.033519,
205468156731,205475418071,3,-0.023942,0.248997,0.043096,
205478204731,205484043853,3,-0.033519,0.258574,-0.086191,
205488236731,205497185365,3,0.000000,0.287304,-0.095768,
205498284731,205501584063,3,-0.090980,0.306458,-0.004788,
205508316731,205514025783,3,-0.100556,0.292093,-0.100556,
205518364731,205524625107,3,-0.138864,0.239420,-0.153229,
205528412731,205531833233,3,-0.215478,0.339977,-0.220267,
205538444731,205553592037,3,-0.153229,0.335188,-0.258574,
205548460731,205557271413,3,-0.081403,0.258574,-0.052672,
205558492731,205563478132,3,0.019154,0.215478,0.043096,
205568540731,205595319750,3,-0.014365,0.244209,0.009577,
205578620731,205610173762,3,-0.191536,0.244209,-0.081403,
205588620731,205620062721,3,-0.272939,0.349553,-0.114922,
205598700731,205620095950,3,-0.181959,0.301669,-0.047884,
205608700731,205625105899,3,-0.090980,0.311246,-0.052672,
205618748731,205631689701,3,0.009577,0.330400,-0.095768,
205628764731,205634962723,3,-0.057461,0.325611,-0.215478,
205638796731,205643475171,3,-0.138864,0.316035,-0.253785,
205648844731,205652847672,3,-0.062249,0.378284,-0.205901,
205658876731,205662117882,3,-0.076614,0.373495,-0.062249,
205668924731,205680680435,3,-0.043096,0.402226,-0.023942,
205678972731,205686172207,3,-0.052672,0.411803,-0.043096,
205689004731,205715152574,3,-0.014365,0.383072,-0.081403,
205699052731,205717584814,3,-0.090980,0.339977,-0.004788,
205709084731,205719673616,3,-0.038307,0.349553,0.047884,
205719100731,205722165908,3,0.095768,0.320823,0.090980,
205729148731,205732632055,3,0.090980,0.272939,0.043096,
205739180731,205744544817,3,0.086191,0.253785,-0.028730,
205749228731,205752375391,3,0.057461,0.392649,-0.095768,
205759260731,205763754402,3,0.000000,0.411803,-0.143652,
205769308731,205774526278,3,0.019154,0.359130,-0.153229,
205779356731,205781702477,3,0.076614,0.387861,-0.114922,
205789388731,205793282686,3,0.081403,0.387861,-0.043096,
205799404731,205807586334,3,0.119710,0.411803,0.114922,
205809436731,205813449407,3,0.090980,0.383072,0.000000,
205819484731,205822733627,3,0.057461,0.378284,0.076614,
205829532731,205835162222,3,0.167594,0.430956,0.153229,
205839564731,205844699566,3,0.110133,0.474052,0.158017,
205849612731,205852407953,3,0.062249,0.517148,0.119710,
205859644731,205870870142,3,0.009577,0.383072,0.143652,
205869692731,205878695507,3,0.033519,0.426168,-0.023942,
205879724731,205882949674,3,0.081403,0.383072,-0.043096,
205889740731,205892708894,3,0.100556,0.311246,0.023942,
205899788731,205904956812,3,-0.004788,0.301669,-0.052672,
205909820731,205919426449,3,0.138864,0.258574,0.062249,
205919900731,205923644783,3,0.138864,0.349553,0.119710,
205929900731,205943533014,3,0.148441,0.402226,0.114922,
205939948731,205950545723,3,0.186748,0.430956,0.071826,
205949996731,205953536817,3,0.191536,0.426168,-0.019154,
205960028731,205963538537,3,0.162806,0.426168,0.014365,
205970044731,205981249372,3,0.095768,0.416591,-0.033519,
205980076731,205984401872,3,0.100556,0.378284,-0.057461,
205990124731,205994512602,3,0.134075,0.349553,0.000000,
206000172731,206009848437,3,0.119710,0.330400,0.071826,
206010204731,206017782084,3,0.162806,0.411803,-0.028730,
206020252731,206023218074,3,0.028730,0.407014,-0.143652,
206030284731,206035418804,3,-0.033519,0.459687,-0.052672,
206040332731,206045340993,3,-0.062249,0.502782,0.004788,
206050348731,206053091723,3,-0.038307,0.517148,0.038307,
206060380731,206063221567,3,-0.090980,0.517148,-0.019154,
206070460731,206076103444,3,-0.186748,0.536301,-0.043096,
206080460731,206083973288,3,-0.311246,0.541090,0.100556,
206090508731,206104457665,3,-0.292093,0.464475,0.248997,
206100556731,206108454488,3,-0.177171,0.445322,0.263362,
206110588731,206114582562,3,-0.162806,0.416591,0.311246,
206120636731,206123695428,3,-0.119710,0.464475,0.181959,
206130668731,206135390741,3,-0.196325,0.421380,-0.009577,
206140684731,206145545065,3,-0.335188,0.497994,-0.234632,
206150732731,206153560639,3,-0.268151,0.521936,-0.282516,
206160764731,206176589079,3,-0.311246,0.464475,-0.316035,
206170812731,206179277568,3,-0.268151,0.426168,-0.215478,
206180844731,206184526163,3,-0.148441,0.445322,-0.162806,
206190892731,206194599393,3,-0.177171,0.512359,-0.057461,
206200940731,206219010020,3,-0.205901,0.488417,-0.086191,
206210908731,206219043822,3,-0.277727,0.474052,-0.105345,
206220956731,206224403875,3,-0.301669,0.411803,-0.114922,
206230988731,206240896012,3,-0.167594,0.397437,-0.076614,
206241068731,206248359919,3,-0.201113,0.316035,-0.057461,
206251116731,206254144920,3,-0.191536,0.301669,-0.138864,
206261148731,206274367838,3,-0.368707,0.248997,-0.301669,
206271196731,206275561953,3,-0.397437,0.234632,-0.378284,
206281228731,206284233725,3,-0.311246,0.062249,-0.301669,
206291276731,206310595082,3,-0.287304,0.105345,-0.272939,
206301308731,206315762217,3,-0.287304,0.052672,-0.253785,
206311324731,206317959874,3,-0.272939,0.090980,-0.186748,
206321372731,206324703833,3,-0.287304,0.148441,-0.311246,
206331404731,206334285917,3,-0.320823,0.196325,-0.306458,
206341452731,206344194720,3,-0.359130,0.196325,-0.306458,
206351484731,206355456909,3,-0.368707,0.134075,-0.363919,
206361532731,206373834723,3,-0.363919,0.090980,-0.378284,
206371580731,206376500453,3,-0.210690,0.119710,-0.239420,
206381612731,206386387225,3,-0.158017,0.119710,-0.105345,
206391628731,206395238059,3,-0.201113,0.143652,-0.076614,
206401660731,206411747852,3,-0.253785,0.110133,-0.158017,
206411708731,206417174467,3,-0.191536,0.196325,-0.047884,
206421756731,206424376239,3,-0.172383,0.205901,-0.023942,
206431788731,206436480980,3,-0.143652,0.124498,0.033519,
206441836731,206458408273,3,-0.114922,0.028730,0.014365,
206451868731,206458460982,3,-0.052672,0.067038,0.081403,
206461916731,206469814368,3,-0.158017,0.057461,0.081403,
206471932731,206475864161,3,-0.100556,0.158017,0.009577,
206481964731,206486175099,3,-0.081403,0.234632,-0.019154,
206492012731,206494778485,3,-0.114922,-0.004788,0.000000,
206502044731,206506840309,3,-0.095768,0.110133,-0.090980,
206512092731,206515693175,3,-0.167594,0.186748,-0.201113,
206522140731,206531358385,3,-0.268151,0.167594,-0.292093,
206532172731,206542951355,3,-0.335188,0.162806,-0.253785,
206542220731,206548117397,3,-0.330400,0.196325,-0.359130,
206552252731,206556200002,3,-0.196325,0.172383,-0.330400,
206562268731,206579286462,3,-0.143652,0.196325,-0.205901,
206572316731,206579318754,3,-0.119710,0.148441,-0.167594,
206582348731,206590599901,3,-0.153229,0.095768,-0.263362,
206592396731,206614198289,3,-0.129287,0.090980,-0.258574,
206602428731,206614324539,3,-0.162806,0.119710,-0.210690,
206612508731,206617500633,3,-0.143652,0.095768,-0.181959,
206622524731,206626964384,3,-0.138864,0.052672,-0.090980,
206632556731,206641184385,3,-0.100556,0.095768,-0.100556,
206642604731,206646778865,3,-0.172383,0.095768,-0.100556,
206652604731,206655416418,3,-0.234632,0.014365,-0.196325,
206662652731,206667333346,3,-0.181959,-0.028730,-0.095768,
206672700731,206675736472,3,-0.043096,-0.043096,-0.052672,
206682732731,206686170171,3,-0.023942,-0.095768,-0.062249,
206692780731,206700748610,3,-0.110133,-0.028730,-0.148441,
206702812731,206706843559,3,-0.167594,-0.062249,-0.292093,
206712860731,206718332778,3,-0.201113,-0.076614,-0.296881,
206722892731,206727461686,3,-0.143652,-0.134075,-0.263362,
206732908731,206740499604,3,-0.143652,-0.153229,-0.220267,
206742956731,206745649708,3,-0.067038,-0.119710,-0.148441,
206752988731,206762290127,3,-0.086191,-0.210690,-0.158017,
206763036731,206774292784,3,-0.105345,-0.229843,-0.057461,
206773068731,206778500441,3,-0.014365,-0.239420,-0.052672,
206783116731,206790888359,3,0.023942,-0.253785,0.028730,
206793164731,206808830965,3,0.081403,-0.282516,0.095768,
206803196731,206813055600,3,0.004788,-0.229843,0.043096,
206813212731,206818179247,3,-0.052672,-0.277727,-0.071826,
206823244731,206826462529,3,-0.095768,-0.186748,-0.162806,
206833292731,206844906437,3,-0.062249,-0.167594,-0.158017,
206843340731,206847647531,3,-0.148441,-0.086191,-0.100556,
206853372731,206860297793,3,-0.153229,-0.177171,-0.038307,
206863420731,206868665866,3,-0.119710,-0.234632,-0.129287,
206873452731,206878900451,3,-0.095768,-0.272939,-0.258574,
206883500731,206888065139,3,-0.215478,-0.316035,-0.225055,
206893548731,206899494463,3,-0.181959,-0.359130,-0.349553,
206903548731,206913185714,3,-0.134075,-0.392649,-0.244209,
206913596731,206919614153,3,-0.100556,-0.416591,-0.177171,
206923628731,206933648060,3,-0.143652,-0.416591,-0.210690,
206933676731,206942071499,3,-0.167594,-0.464475,-0.282516,
206943724731,206947221968,3,-0.325611,-0.478840,-0.311246,
206953756731,206958827542,3,-0.335188,-0.517148,-0.239420,
206963804731,206974672335,3,-0.306458,-0.545878,-0.263362,
206973836731,206977307388,3,-0.316035,-0.665588,-0.186748,
206983852731,206986939368,3,-0.215478,-0.660800,-0.292093,
206993900731,207038606717,3,-0.287304,-0.555455,-0.306458,
207003932731,207038636821,3,-0.292093,-0.612916,-0.268151,
207013980731,207038653227,3,-0.277727,-0.574608,-0.220267,
207024012731,207071349584,3,-0.296881,-0.550666,-0.105345,
207034028731,207071371720,3,-0.277727,-0.646434,-0.172383,
207044092731,207077324689,3,-0.153229,-0.569820,-0.105345,
207054140731,207077351773,3,-0.143652,-0.435745,-0.105345,
207064188731,207077367710,3,-0.100556,-0.450110,-0.153229,
207074252731,207082239481,3,-0.138864,-0.387861,-0.301669,
207084236731,207087679117,3,-0.100556,-0.368707,-0.191536,
207094284731,207112391463,3,0.052672,-0.344765,-0.167594,
207104316731,207112419328,3,0.004788,-0.354342,-0.258574,
207114396731,207122070110,3,0.028730,-0.335188,-0.311246,
207124396731,207130462247,3,-0.052672,-0.316035,-0.354342,
207134444731,207141116675,3,-0.158017,-0.268151,-0.450110,
207144476731,207149279540,3,-0.129287,-0.244209,-0.311246,
207154492731,207158337353,3,-0.158017,-0.234632,-0.225055,
207164540731,207172049022,3,0.014365,-0.306458,-0.162806,
207174572731,207180740793,3,0.062249,-0.287304,-0.019154,
207184620731,207188017252,3,0.062249,-0.402226,0.172383,
207194668731,207205155848,3,0.129287,-0.416591,0.263362,
207204700731,207212540223,3,0.100556,-0.397437,0.191536,
207214684731,207219383922,3,0.000000,-0.450110,0.110133,
207224732731,207229209288,3,-0.071826,-0.469264,-0.009577,
207234828731,207238668976,3,-0.253785,-0.378284,-0.153229,
207244844731,207249792831,3,-0.416591,-0.373495,-0.282516,
207254876731,207267497885,3,-0.387861,-0.387861,-0.253785,
207264924731,207275824761,3,-0.277727,-0.387861,-0.287304,
207274956731,207279302157,3,-0.191536,-0.402226,-0.138864,
207285004731,207288721846,3,-0.076614,-0.320823,-0.110133,
207295052731,207302768410,3,-0.081403,-0.258574,-0.090980,
207305084731,207307611795,3,0.028730,-0.277727,-0.038307,
207315132731,207328289245,3,0.119710,-0.330400,0.038307,
207325132731,207334492319,3,0.153229,-0.282516,0.134075,
207335180731,207340450809,3,0.186748,-0.296881,0.153229,
207345228731,207374599719,3,0.186748,-0.215478,0.129287,
207355260731,207374629094,3,0.148441,-0.201113,0.158017,
207365308731,207378095448,3,0.172383,-0.158017,0.129287,
207375340731,207381137376,3,0.138864,-0.167594,0.110133,
207385388731,207388395397,3,0.076614,-0.134075,0.090980,
207395420731,207424704828,3,0.110133,-0.158017,0.110133,
207405436731,207438092173,3,0.086191,-0.215478,0.215478,
207415484731,207438120715,3,0.143652,-0.177171,0.253785,
207425516731,207438164725,3,0.105345,-0.158017,0.282516,
207435564731,207440655715,3,0.057461,-0.129287,0.186748,
207445596731,207452755872,3,0.000000,-0.162806,0.148441,
207455644731,207461755300,3,0.114922,-0.263362,0.177171,
207465692731,207468996082,3,0.191536,-0.220267,0.225055,
207475724731,207549958018,3,0.114922,-0.196325,0.229843,
207485772731,207549980570,3,0.134075,-0.177171,0.153229,
207495772731,207550071455,3,0.124498,-0.076614,0.138864,
207505820731,207550095049,3,0.124498,-0.062249,0.105345,
207515868731,207550116976,3,0.205901,-0.043096,0.134075,
207525900731,207550139111,3,0.177171,-0.047884,0.138864,
207535948731,207550161403,3,0.114922,0.019154,-0.038307,
207545980731,207550183434,3,0.057461,-0.019154,0.004788,
207556028731,207561138644,3,0.086191,-0.153229,0.124498,
207566076731,207569922030,3,0.186748,-0.162806,0.234632,
207576076731,207586556875,3,0.244209,-0.105345,0.292093,
207586124731,207588505417,3,0.248997,-0.167594,0.248997,
207596156731,207608002450,3,0.220267,-0.181959,0.277727,
207606204731,207611041722,3,0.220267,-0.114922,0.181959,
207616252731,207620985941,3,0.201113,-0.143652,0.119710,
207626284731,207640766724,3,0.210690,-0.129287,0.062249,
207636332731,207640807922,3,0.244209,-0.095768,0.019154,
207646364731,207651310528,3,0.244209,-0.172383,0.095768,
207656380731,207681047041,3,0.316035,-0.181959,0.316035,
207666428731,207681192562,3,0.339977,-0.225055,0.330400,
207676492731,207681220843,3,0.330400,-0.234632,0.287304,
207686508731,207704847773,3,0.244209,-0.201113,0.258574,
207696540731,207708794544,3,0.248997,-0.277727,0.201113,
207706620731,207709921888,3,0.268151,-0.220267,0.253785,
207716636731,207738519390,3,0.220267,-0.172383,0.253785,
207726668731,207738550432,3,0.220267,-0.196325,0.277727,
207736716731,207741595537,3,0.215478,-0.191536,0.325611,
207746716731,207760292622,3,0.191536,-0.172383,0.248997,
207756764731,207763637414,3,0.177171,-0.086191,0.220267,
207766812731,207770956112,3,0.196325,-0.100556,0.215478,
207776844731,207782907051,3,0.306458,-0.090980,0.067038,
207786892731,207794437938,3,0.167594,-0.090980,0.047884,
207796924731,207800668303,3,0.196325,-0.100556,0.100556,
207806972731,207812107992,3,0.186748,-0.076614,0.081403,
207817004731,207819812107,3,0.129287,-0.124498,0.095768,
207827020731,207837107004,3,0.090980,-0.148441,0.038307,
207837068731,207841144505,3,0.114922,-0.134075,0.067038,
207847100731,207850678308,3,0.129287,-0.181959,0.062249,
207857148731,207862909872,3,0.047884,-0.220267,0.167594,
207867180731,207876241331,3,0.057461,-0.177171,0.229843,
207877260731,207882300655,3,0.009577,-0.201113,0.124498,
207887276731,207892522947,3,0.023942,-0.225055,-0.033519,
207897308731,207901999615,3,-0.023942,-0.210690,-0.119710,
207907356731,207910100605,3,0.014365,-0.234632,-0.129287,
207917356731,207931792066,3,0.028730,-0.181959,-0.105345,
207927404731,207935584046,3,0.062249,-0.292093,-0.043096,
207937452731,207941615088,3,0.143652,-0.306458,0.014365,
207947484731,207950133057,3,0.038307,-0.335188,-0.110133,
207957532731,207974881133,3,0.110133,-0.244209,-0.052672,
207967564731,207983975821,3,0.220267,-0.158017,0.086191,
207977612731,207987765926,3,0.287304,-0.196325,0.090980,
207987660731,207992095822,3,0.335188,-0.196325,0.076614,
207997660731,208002934208,3,0.335188,-0.100556,0.076614,
208007708731,208010962074,3,0.402226,-0.110133,-0.067038,
208017740731,208022784002,3,0.320823,-0.138864,0.009577,
208027788731,208030700982,3,0.426168,-0.076614,-0.057461,
208037836731,208041634004,3,0.411803,-0.081403,-0.033519,
208047868731,208051863536,3,0.359130,-0.033519,0.004788,
208057916731,208066298173,3,0.339977,-0.057461,-0.028730,
208067948731,208071094007,3,0.277727,-0.081403,-0.081403,
208077996731,208082474477,3,0.258574,-0.110133,0.124498,
208088012731,208101370156,3,0.301669,-0.158017,0.181959,
208098044731,208103678333,3,0.335188,-0.067038,0.258574,
208108092731,208152575630,3,0.306458,-0.081403,0.244209,
208118124731,208152609432,3,0.244209,-0.052672,0.129287,
208128172731,208152631619,3,0.244209,0.009577,0.114922,
208138204731,208152655265,3,0.215478,0.110133,0.138864,
208148252731,208152678390,3,0.201113,0.071826,0.071826,
208158300731,208164116881,3,0.153229,0.081403,-0.028730,
208168300731,208183169383,3,0.033519,0.162806,0.019154,
208178348731,208185797664,3,0.148441,0.201113,0.067038,
208188412731,208193282092,3,0.181959,0.234632,0.062249,
208198428731,208201087457,3,0.191536,0.268151,0.076614,
208208476731,208212876000,3,0.181959,0.330400,0.229843,
208218476731,208223632251,3,0.186748,0.335188,0.210690,
208228492731,208236136940,3,0.172383,0.320823,0.253785,
208238540731,208241569753,3,0.186748,0.402226,0.158017,
208248636731,208252473400,3,0.090980,0.378284,0.282516,
208258652731,208263123505,3,0.129287,0.373495,0.320823,
208268684731,208271315537,3,0.143652,0.474052,0.244209,
208278732731,208284932205,3,0.114922,0.517148,0.268151,
208288764731,208297785852,3,0.067038,0.593762,0.335188,
208298812731,208305715593,3,0.062249,0.512359,0.349553,
208308860731,208311487156,3,0.162806,0.512359,0.397437,
208318892731,208329475751,3,0.162806,0.478840,0.397437,
208328940731,208334133877,3,0.081403,0.512359,0.368707,
208338940731,208341992055,3,0.047884,0.497994,0.258574,
208348988731,208352539035,3,0.071826,0.541090,0.205901,
208359036731,208366206224,3,0.081403,0.531513,0.325611,
208369068731,208383023361,3,0.043096,0.541090,0.354342,
208379084731,208393744456,3,0.047884,0.603339,0.320823,
208389148731,208396786123,3,0.062249,0.603339,0.392649,
208399196731,208402628988,3,0.000000,0.622492,0.378284,
208409244731,208413884510,3,0.076614,0.651223,0.349553,
208419276731,208426831230,3,0.009577,0.617704,0.411803,
208429292731,208434748001,3,0.052672,0.603339,0.450110,
208439324731,208444021284,3,0.038307,0.541090,0.440533,
208449372731,208456801181,3,0.043096,0.565032,0.450110,
208459420731,208471748161,3,-0.047884,0.608127,0.411803,
208469484731,208473634985,3,-0.100556,0.646434,0.339977,
208479500731,208483191079,3,-0.019154,0.565032,0.387861,
208489532731,208494828528,3,0.076614,0.569820,0.277727,
208499580731,208515915041,3,0.000000,0.679953,0.124498,
208509596731,208517661499,3,-0.090980,0.703895,0.047884,
208519628731,208524183115,3,-0.047884,0.708684,0.071826,
208529676731,208538051814,3,-0.062249,0.651223,0.143652,
208539708731,208548241919,3,-0.009577,0.636858,0.215478,
208549756731,208562836764,3,-0.019154,0.699107,0.311246,
208559788731,208564920098,3,-0.019154,0.665588,0.407014,
208569836731,208579204995,3,-0.014365,0.627281,0.531513,
208579884731,208598147341,3,-0.019154,0.512359,0.550666,
208589884731,208601004633,3,-0.071826,0.454898,0.469264,
208599932731,208605133018,3,-0.004788,0.531513,0.349553,
208609964731,208612795363,3,-0.105345,0.622492,0.296881,
208620012731,208642887866,3,-0.114922,0.670376,0.272939,
208630060731,208642915678,3,-0.110133,0.646434,0.215478,
208640124731,208656626253,3,-0.114922,0.612916,0.349553,
208650140731,208662180785,3,-0.090980,0.593762,0.344765,
208660172731,208678872349,3,-0.062249,0.588974,0.296881,
208670220731,208683452349,3,-0.148441,0.584185,0.330400,
208680236731,208688394485,3,-0.124498,0.574608,0.349553,
208690268731,208696495423,3,-0.119710,0.608127,0.339977,
208700316731,208703435268,3,-0.081403,0.641646,0.316035,
208710348731,208713153290,3,-0.134075,0.550666,0.263362,
208720396731,208724207509,3,-0.181959,0.497994,0.234632,
208730444731,208733904542,3,-0.153229,0.565032,0.292093,
208740476731,208761675847,3,-0.138864,0.531513,0.363919,
208750524731,208765120586,3,-0.134075,0.497994,0.378284,
208760556731,208768321993,3,-0.114922,0.541090,0.407014,
208770572731,208774787046,3,-0.158017,0.402226,0.349553,
208780620731,208808542518,3,-0.181959,0.450110,0.344765,
208790652731,208808586268,3,-0.186748,0.440533,0.363919,
208800700731,208808609393,3,-0.167594,0.407014,0.316035,
208810732731,208814548873,3,-0.210690,0.402226,0.220267,
208820780731,208832428718,3,-0.311246,0.378284,0.081403,
208830828731,208834894291,3,-0.335188,0.416591,0.019154,
208840860731,208843797678,3,-0.296881,0.292093,0.119710,
208850876731,208856115908,3,-0.220267,0.363919,0.105345,
208860908731,208865509867,3,-0.205901,0.311246,0.076614,
208870956731,208875895806,3,-0.220267,0.272939,0.076614,
208881004731,208889210547,3,-0.229843,0.210690,0.119710,
208891036731,208905276694,3,-0.201113,0.210690,0.215478,
208901084731,208905313986,3,-0.081403,0.225055,0.296881,
208911116731,208914624872,3,-0.167594,0.244209,0.100556,
208921164731,208925577009,3,-0.138864,0.205901,0.071826,
208931180731,208943243729,3,-0.134075,0.196325,0.172383,
208941212731,208945957948,3,-0.095768,0.172383,0.186748,
208951260731,208962622742,3,-0.076614,0.114922,0.177171,
208961292731,208968908159,3,-0.110133,0.124498,0.268151,
208971340731,208976119201,3,-0.105345,0.143652,0.225055,
208981372731,208988655296,3,-0.047884,0.229843,0.196325,
208991420731,208994987797,3,0.004788,0.172383,0.162806,
209001468731,209005845558,3,-0.009577,0.158017,0.272939,
209011500731,209023777331,3,0.014365,0.162806,0.239420,
209021548731,209034171707,3,-0.028730,0.234632,0.181959,
209031548731,209037338739,3,-0.028730,0.225055,0.181959,
209041628731,209045297437,3,0.004788,0.215478,0.095768,
209051644731,209057010355,3,-0.043096,0.186748,0.134075,
209061644731,209070445096,3,-0.028730,0.153229,0.134075,
209071724731,209074673846,3,-0.057461,0.191536,0.186748,
209081756731,209085985514,3,-0.138864,0.220267,0.129287,
209091804731,209095730828,3,-0.076614,0.258574,-0.014365,
209101820731,209105844683,3,-0.052672,0.177171,-0.067038,
209111852731,209114894892,3,-0.186748,0.210690,-0.009577,
209121900731,209124644997,3,-0.186748,0.119710,0.014365,
209131932731,209135834998,3,-0.143652,0.158017,0.038307,
209141980731,209145964739,3,-0.134075,0.105345,0.114922,
209152028731,209159725990,3,-0.181959,0.076614,0.023942,
209162092731,209172258648,3,-0.244209,0.038307,0.023942,
209172108731,209175570107,3,-0.253785,0.023942,0.004788,
209182140731,209185891930,3,-0.263362,0.114922,-0.067038,
209192156731,209199510213,3,-0.239420,0.114922,-0.052672,
209202204731,209205239797,3,-0.325611,0.158017,-0.153229,
209212236731,209215451829,3,-0.459687,0.234632,-0.277727,
209222252731,209230249435,3,-0.459687,0.287304,-0.191536,
209232300731,209234982248,3,-0.426168,0.248997,-0.186748,
209242300731,209258103396,3,-0.349553,0.172383,-0.119710,
209252412731,209271981627,3,-0.316035,0.148441,-0.062249,
209262444731,209272003397,3,-0.277727,0.172383,-0.071826,
209272460731,209302501838,3,-0.402226,0.210690,-0.186748,
209282508731,209312118037,3,-0.411803,0.272939,-0.244209,
209292540731,209312153141,3,-0.402226,0.292093,-0.335188,
209302588731,209312178610,3,-0.421380,0.387861,-0.335188,
209312620731,209329165434,3,-0.435745,0.282516,-0.311246,
209322668731,209332224705,3,-0.311246,0.311246,-0.172383,
209332700731,209335885175,3,-0.258574,0.177171,-0.090980,
209342748731,209345805957,3,-0.268151,0.215478,0.004788,
209352796731,209367272261,3,-0.258574,0.282516,-0.114922,
209362796731,209368472834,3,-0.316035,0.287304,-0.234632,
209372844731,209375837470,3,-0.335188,0.191536,-0.220267,
209382876731,209389455597,3,-0.287304,0.134075,-0.052672,
209392924731,209396104191,3,-0.181959,0.067038,-0.004788,
209402972731,209430223726,3,-0.177171,0.090980,-0.047884,
209413004731,209430251799,3,-0.186748,0.014365,-0.119710,
209423052731,209430268361,3,-0.229843,-0.014365,-0.043096,
209433084731,209441881227,3,-0.210690,0.062249,-0.134075,
209443100731,209446395134,3,-0.205901,0.009577,-0.095768,
209453180731,209459777322,3,-0.201113,-0.081403,-0.052672,
209463180731,209475151855,3,-0.119710,-0.033519,-0.143652,
209473228731,209500365243,3,-0.124498,-0.043096,-0.167594,
209483260731,209517167536,3,-0.138864,-0.110133,-0.129287,
209493308731,209519497901,3,-0.129287,-0.052672,-0.009577,
209503356731,209523933527,3,-0.129287,-0.038307,-0.158017,
209513388731,209523961912,3,-0.205901,0.000000,-0.225055,
209523404731,209527635923,3,-0.129287,-0.033519,-0.143652,
209533436731,209537064830,3,-0.129287,-0.076614,-0.153229,
209543484731,209547755769,3,-0.181959,-0.119710,-0.311246,
209553532731,209558706030,3,-0.244209,-0.138864,-0.301669,
209563564731,209569712073,3,-0.201113,-0.186748,-0.148441,
209573612731,209578149834,3,-0.138864,-0.287304,-0.023942,
209583644731,209594730252,3,-0.076614,-0.263362,0.129287,
209593692731,209602207024,3,0.014365,-0.325611,0.067038,
209603724731,209607018118,3,-0.086191,-0.301669,0.033519,
209613740731,209618807963,3,-0.220267,-0.287304,-0.047884,
209623788731,209637371350,3,-0.138864,-0.330400,-0.153229,
209633820731,209640587861,3,-0.090980,-0.248997,-0.124498,
209643868731,209651174321,3,-0.124498,-0.220267,-0.129287,
209653900731,209658043436,3,-0.158017,-0.272939,-0.201113,
209663948731,209666888280,3,-0.210690,-0.301669,-0.378284,
209673996731,209676959427,3,-0.201113,-0.316035,-0.234632,
209684028731,209700294325,3,-0.124498,-0.277727,-0.263362,
209694076731,209700335836,3,-0.138864,-0.244209,-0.272939,
209704092731,209707061097,3,-0.143652,-0.292093,-0.248997,
209714124731,209716871879,3,-0.138864,-0.316035,-0.153229,
209724172731,209727405995,3,-0.004788,-0.320823,-0.062249,
209734204731,209738027871,3,0.023942,-0.349553,0.071826,
209744252731,209749416935,3,0.105345,-0.354342,-0.071826,
209754284731,209757821935,3,-0.023942,-0.383072,0.000000,
209764332731,209769419697,3,-0.038307,-0.387861,0.062249,
209774380731,209777934646,3,-0.052672,-0.445322,0.000000,
209784380731,209789617616,3,-0.043096,-0.474052,-0.119710,
209794428731,209798367669,3,-0.138864,-0.541090,-0.148441,
209804460731,209808712618,3,-0.148441,-0.550666,-0.129287,
209814508731,209817843139,3,-0.057461,-0.545878,-0.138864,
209824556731,209827467203,3,-0.081403,-0.507571,-0.067038,
209834588731,209837280433,3,-0.023942,-0.541090,-0.158017,
209844636731,209847698455,3,0.014365,-0.488417,-0.114922,
209854668731,209857764914,3,-0.167594,-0.474052,-0.272939,
209864684731,209869202936,3,-0.138864,-0.407014,-0.392649,
209874732731,209877196687,3,-0.167594,-0.325611,-0.311246,
209884764731,209892188563,3,-0.129287,-0.392649,-0.263362,
209894812731,209898572939,3,-0.105345,-0.363919,-0.114922,
209904844731,209908965857,3,-0.090980,-0.411803,-0.153229,
209914892731,209918083045,3,-0.124498,-0.392649,-0.038307,
209924940731,209930619609,3,-0.090980,-0.335188,-0.110133,
209934972731,209944138829,3,-0.095768,-0.320823,-0.158017,
209945020731,209952245184,3,-0.023942,-0.263362,-0.153229,
209955020731,209957635289,3,-0.119710,-0.239420,-0.301669,
209965068731,209968057425,3,-0.181959,-0.225055,-0.292093,
209975116731,209992745344,3,-0.158017,-0.277727,-0.229843,
209985148731,209992777948,3,-0.100556,-0.301669,-0.138864,
209995196731,209997764095,3,0.000000,-0.311246,-0.081403,
210005228731,210008732533,3,0.009577,-0.311246,0.014365,
210015276731,210023159670,3,0.014365,-0.335188,-0.143652,
210025308731,210028020348,3,-0.047884,-0.253785,-0.282516,
210035356731,210054527382,3,-0.076614,-0.248997,-0.191536,
210045372731,210057600507,3,-0.004788,-0.277727,-0.023942,
210055404731,210063111705,3,0.067038,-0.330400,0.023942,
210065452731,210072175717,3,0.076614,-0.416591,-0.004788,
210075484731,210095947177,3,0.076614,-0.383072,0.028730,
210085532731,210095976657,3,0.062249,-0.368707,0.000000,
210095612731,210103059105,3,0.086191,-0.349553,-0.081403,
210105612731,210134832390,3,0.129287,-0.368707,-0.047884,
210115660731,210139155463,3,0.110133,-0.316035,-0.057461,
210125660731,210139185098,3,0.134075,-0.311246,-0.004788,
210135708731,210142595672,3,0.181959,-0.320823,-0.009577,
210145788731,210152604058,3,0.210690,-0.210690,0.004788,
210155788731,210158697809,3,0.100556,-0.205901,-0.076614,
210165836731,210175876404,3,0.114922,-0.268151,0.019154,
210175868731,210180807915,3,0.196325,-0.287304,0.138864,
210185916731,210189376353,3,0.244209,-0.272939,0.148441,
210195964731,210199021927,3,0.244209,-0.263362,0.095768,
210205996731,210221819898,3,0.225055,-0.220267,0.177171,
210216012731,210227212607,3,0.258574,-0.292093,0.244209,
210226028731,210233990368,3,0.344765,-0.287304,0.311246,
210236060731,210238612348,3,0.354342,-0.244209,0.339977,
210246108731,210251238026,3,0.368707,-0.220267,0.244209,
210256172731,210260879381,3,0.368707,-0.220267,0.277727,
210266220731,210269737924,3,0.368707,-0.148441,0.181959,
210276252731,210282686467,3,0.387861,-0.134075,0.162806,
210286364731,210296550218,3,0.287304,-0.220267,0.186748,
210296316731,210300358656,3,0.234632,-0.205901,0.110133,
210306348731,210309208449,3,0.248997,-0.196325,0.114922,
210316396731,210323567044,3,0.268151,-0.201113,0.177171,
210326428731,210336211472,3,0.234632,-0.215478,0.172383,
210336476731,210344727567,3,0.215478,-0.191536,0.138864,
210346524731,210355036995,3,0.172383,-0.239420,0.177171,
210356556731,210361276058,3,0.234632,-0.220267,0.138864,
210366604731,210376555487,3,0.210690,-0.220267,0.172383,
210376636731,210388499186,3,0.177171,-0.186748,0.090980,
210386652731,210394466790,3,0.282516,-0.177171,0.181959,
210396700731,210409548615,3,0.301669,-0.181959,0.215478,
210406732731,210413763615,3,0.363919,-0.201113,0.205901,
210416780731,210424060804,3,0.311246,-0.229843,0.215478,
210426812731,210430362315,3,0.244209,-0.248997,0.162806,
210436860731,210440505649,3,0.215478,-0.181959,0.129287,
210446892731,210455948411,3,0.196325,-0.229843,0.100556,
210456940731,210463053204,3,0.177171,-0.244209,0.215478,
210466956731,210469859819,3,0.248997,-0.215478,0.239420,
210476988731,210481422424,3,0.229843,-0.225055,0.167594,
210487036731,210490718206,3,0.210690,-0.186748,0.210690,
210497068731,210501603051,3,0.263362,-0.134075,0.244209,
210507084731,210520964824,3,0.282516,-0.181959,0.191536,
210517164731,210523945397,3,0.181959,-0.167594,0.086191,
210527196731,210541360399,3,0.234632,-0.134075,0.167594,
210537244731,210551337796,3,0.272939,-0.086191,0.134075,
210547244731,210551458317,3,0.239420,0.009577,0.158017,
210557292731,210560391963,3,0.196325,-0.095768,0.229843,
210567340731,210570466235,3,0.057461,-0.095768,0.153229,
210577372731,210584062851,3,0.095768,-0.071826,0.138864,
210587420731,210590150195,3,0.028730,-0.114922,0.105345,
210597452731,210600218269,3,0.100556,-0.167594,0.143652,
210607500731,210618181448,3,0.067038,-0.143652,0.134075,
210617548731,210625777282,3,0.124498,-0.114922,0.023942,
210627580731,210631376918,3,0.090980,-0.119710,0.100556,
210637596731,210640889680,3,0.105345,-0.014365,0.167594,
210647628731,210654181504,3,0.000000,0.000000,0.033519,
210657676731,210660760150,3,-0.047884,0.019154,-0.014365,
210667724731,210679417027,3,-0.019154,-0.004788,0.057461,
210677756731,210685139528,3,-0.043096,-0.028730,0.138864,
210687804731,210690592393,3,-0.033519,-0.095768,0.210690,
210697836731,210701556613,3,0.000000,-0.043096,0.162806,
210707884731,210717531406,3,-0.023942,-0.052672,0.138864,
210717900731,210726505626,3,-0.028730,0.019154,0.110133,
210727932731,210734584845,3,-0.047884,0.043096,0.076614,
210737980731,210742983023,3,0.019154,0.023942,0.076614,
210748012731,210758434379,3,0.138864,0.114922,0.114922,
210758060731,210763303963,3,0.095768,0.052672,0.253785,
210768108731,210782167089,3,0.129287,0.143652,0.234632,
210778140731,210783966048,3,0.067038,0.162806,0.215478,
210788188731,210792851882,3,0.004788,0.148441,0.076614,
210798220731,210811392144,3,-0.004788,0.186748,0.067038,
210808236731,210821532666,3,0.062249,0.138864,0.057461,
210818284731,210824860687,3,0.038307,0.210690,0.158017,
210828316731,210835443918,3,0.047884,0.114922,0.277727,
210838364731,210852955690,3,0.076614,0.167594,0.320823,
210848428731,210862439806,3,0.105345,0.172383,0.282516,
210858444731,210871867671,3,0.095768,0.292093,0.215478,
210868476731,210878647099,3,0.090980,0.287304,0.229843,
210878524731,210894367778,3,0.076614,0.349553,0.244209,
210888540731,210900516893,3,0.129287,0.421380,0.143652,
210898572731,210904789029,3,0.148441,0.445322,0.220267,
210908620731,210917798978,3,0.158017,0.440533,0.248997,
210918652731,210922414760,3,0.205901,0.459687,0.311246,
210928700731,210934483823,3,0.277727,0.493206,0.349553,
210938748731,210952004242,3,0.210690,0.545878,0.435745,
210948812731,210953189763,3,0.181959,0.478840,0.411803,
210958828731,210961286274,3,0.167594,0.541090,0.430956,
210968860731,210971705910,3,0.215478,0.555455,0.387861,
210978876731,210984890495,3,0.210690,0.584185,0.368707,
210988924731,210992003985,3,0.201113,0.636858,0.474052,
210998956731,211001457372,3,0.143652,0.775721,0.368707,
211009004731,211013560081,3,0.177171,0.588974,0.306458,
211019036731,211022315707,3,0.186748,0.665588,0.378284,
211029084731,211034109979,3,0.191536,0.622492,0.526724,
211039132731,211042838001,3,0.148441,0.608127,0.292093,
211049164731,211052761491,3,0.052672,0.684742,0.205901,
211059180731,211062107326,3,0.023942,0.608127,0.229843,
211069212731,211072121598,3,0.009577,0.593762,0.196325,
211079260731,211091941287,3,0.014365,0.521936,0.258574,
211089308731,211092167537,3,0.076614,0.493206,0.287304,
211099340731,211103919205,3,0.076614,0.550666,0.239420,
211109388731,211121196811,3,0.009577,0.478840,0.277727,
211119420731,211122400717,3,-0.052672,0.584185,0.191536,
211129468731,211132363062,3,-0.119710,0.641646,0.196325,
211139500731,211147358063,3,-0.052672,0.612916,0.129287,
211149516731,211152762022,3,-0.110133,0.560243,0.210690,
211159564731,211162141554,3,-0.014365,0.569820,0.153229,
211169596731,211181246869,3,0.038307,0.612916,0.148441,
211179644731,211184627442,3,-0.004788,0.665588,0.177171,
211189692731,211194078641,3,-0.095768,0.641646,0.100556,
211199724731,211202801350,3,-0.105345,0.636858,0.023942,
211209708731,211214709372,3,-0.033519,0.656011,0.023942,
211219804731,211222903175,3,-0.076614,0.656011,0.076614,
211229788731,211232662395,3,-0.095768,0.608127,0.153229,
211239836731,211252108699,3,0.004788,0.497994,0.105345,
211249868731,211254603803,3,0.009577,0.488417,0.119710,
211259948731,211265266044,3,-0.071826,0.402226,0.043096,
211269980731,211276081097,3,-0.124498,0.454898,0.043096,
211280028731,211291816567,3,-0.023942,0.421380,0.124498,
211290076731,211296136359,3,0.062249,0.411803,0.158017,
211300108731,211303953131,3,0.110133,0.296881,0.244209,
211310156731,211317669122,3,0.019154,0.402226,0.191536,
211320156731,211325078654,3,0.000000,0.335188,0.081403,
211330204731,211334621467,3,-0.129287,0.416591,0.043096,
211340252731,211353107876,3,-0.100556,0.344765,0.119710,
211350316731,211361038866,3,-0.004788,0.387861,0.138864,
211360332731,211365356939,3,0.009577,0.378284,0.119710,
211370364731,211389686160,3,-0.014365,0.469264,0.158017,
211380412731,211389718973,3,-0.090980,0.397437,0.225055,
211390460731,211393151473,3,-0.071826,0.296881,0.258574,
211400460731,211408175381,3,-0.124498,0.287304,0.177171,
211410508731,211415889392,3,-0.196325,0.196325,0.162806,
211420540731,211423709028,3,-0.172383,0.258574,0.110133,
211430588731,211434900696,3,-0.196325,0.244209,0.000000,
211440636731,211461749813,3,-0.201113,0.234632,0.004788,
211450668731,211461773980,3,-0.234632,0.196325,-0.019154,
211460748731,211465456012,3,-0.143652,0.268151,0.067038,
211470748731,211481466638,3,-0.105345,0.253785,0.119710,
211480828731,211484957941,3,-0.172383,0.277727,0.090980,
211490812731,211493562890,3,-0.239420,0.268151,0.004788,
211500844731,211507526433,3,-0.234632,0.354342,-0.038307,
211510892731,211514815600,3,-0.296881,0.402226,0.047884,
211520924731,211529705185,3,-0.220267,0.272939,0.067038,
211530972731,211534358154,3,-0.105345,0.191536,0.220267,
211541004731,211544082999,3,-0.067038,0.229843,0.282516,
211551052731,211553766281,3,-0.086191,0.263362,0.158017,
211561100731,211563844615,3,-0.095768,0.296881,0.057461,
211571100731,211576534408,3,-0.158017,0.172383,0.067038,
211581148731,211585297795,3,-0.177171,0.153229,0.067038,
211591180731,211601684307,3,-0.205901,0.119710,-0.028730,
211601228731,211611432485,3,-0.296881,0.081403,-0.081403,
211611276731,211616182485,3,-0.277727,0.062249,-0.090980,
211621308731,211624818528,3,-0.306458,0.172383,-0.105345,
211631388731,211634669935,3,-0.292093,0.057461,-0.038307,
211641388731,211647412749,3,-0.320823,0.000000,-0.124498,
211651404731,211665508584,3,-0.344765,-0.043096,-0.124498,
211661452731,211675393793,3,-0.311246,0.090980,-0.181959,
211671484731,211683699211,3,-0.320823,0.019154,-0.143652,
211681532731,211687049628,3,-0.363919,-0.019154,-0.177171,
211691564731,211695964576,3,-0.311246,-0.004788,-0.095768,
211701612731,211721879162,3,-0.282516,-0.028730,-0.090980,
211711660731,211721919527,3,-0.282516,0.000000,-0.062249,
211721692731,211724788017,3,-0.292093,0.038307,-0.134075,
211731740731,211734611716,3,-0.339977,0.000000,-0.023942,
211741740731,211744897029,3,-0.248997,0.033519,-0.028730,
211751788731,211755161249,3,-0.272939,-0.047884,-0.028730,
211761836731,211772567136,3,-0.205901,-0.004788,0.067038,
211771868731,211782765731,3,-0.148441,-0.004788,0.090980,
211781948731,211786637033,3,-0.090980,-0.038307,0.114922,
211791948731,211804447087,3,-0.201113,0.081403,0.057461,
211802060731,211819846516,3,-0.263362,0.023942,-0.095768,
211812044731,211819863547,3,-0.282516,0.071826,-0.143652,
211822076731,211825825527,3,-0.296881,0.095768,-0.076614,
211832092731,211835115528,3,-0.263362,0.009577,-0.114922,
211842124731,211850973238,3,-0.210690,-0.033519,-0.153229,
211852172731,211855743603,3,-0.268151,-0.071826,-0.138864,
211862220731,211865531052,3,-0.306458,-0.100556,-0.205901,
211872252731,211876435792,3,-0.316035,-0.100556,-0.172383,
211882332731,211887494075,3,-0.258574,-0.172383,-0.110133,
211892332731,211899141420,3,-0.158017,-0.186748,-0.301669,
211902380731,211910460275,3,-0.172383,-0.191536,-0.268151,
211912412731,211916453400,3,-0.210690,-0.110133,-0.335188,
211922428731,211947285591,3,-0.229843,-0.095768,-0.292093,
211932476731,211949834081,3,-0.191536,-0.119710,-0.191536,
211942508731,211953405019,3,-0.086191,-0.129287,-0.114922,
211952588731,211956241373,3,-0.019154,-0.110133,0.052672,
211962588731,211965583457,3,0.043096,-0.153229,0.210690,
211972636731,211978706636,3,-0.033519,-0.124498,0.129287,
211982684731,211985812314,3,-0.052672,-0.095768,0.090980,
211992684731,212002734503,3,-0.043096,-0.134075,0.067038,
212002732731,212007510597,3,-0.086191,-0.110133,0.014365,
212012764731,212015597837,3,-0.181959,-0.076614,0.009577,
212022812731,212026516120,3,-0.162806,-0.043096,0.000000,
212032860731,212035863621,3,-0.062249,-0.076614,-0.004788,
212042892731,212057151175,3,0.000000,-0.134075,-0.004788,
212052940731,212062142425,3,-0.067038,-0.100556,-0.134075,
212062972731,212067251697,3,-0.129287,-0.038307,-0.105345,
212073020731,212081869042,3,-0.086191,-0.057461,-0.153229,
212083068731,212090533626,3,-0.148441,-0.076614,-0.158017,
212093068731,212096125293,3,-0.138864,-0.114922,-0.119710,
212103116731,212111854253,3,-0.105345,-0.234632,-0.158017,
212113180731,212116167483,3,-0.086191,-0.225055,-0.057461,
212123196731,212141698162,3,-0.038307,-0.215478,-0.043096,
212133244731,212147777590,3,-0.100556,-0.244209,0.043096,
212143276731,212150677434,3,-0.043096,-0.234632,0.019154,
212153324731,212173925093,3,-0.105345,-0.215478,-0.110133,
212163356731,212182932646,3,-0.086191,-0.258574,-0.100556,
212173372731,212185954000,3,-0.076614,-0.301669,-0.071826,
212183420731,212187978636,3,0.062249,-0.325611,0.000000,
212193452731,212196341189,3,0.004788,-0.316035,-0.004788,
212203500731,212212149836,3,-0.076614,-0.349553,-0.052672,
212213532731,212216841920,3,-0.095768,-0.368707,-0.114922,
212223580731,212232345255,3,-0.081403,-0.339977,-0.100556,
212233564731,212236909161,3,-0.019154,-0.359130,-0.090980,
212243596731,212247968277,3,-0.009577,-0.335188,-0.143652,
212253644731,212256630049,3,-0.062249,-0.292093,-0.052672,
212263708731,212270653019,3,-0.043096,-0.296881,-0.086191,
212273756731,212277366561,3,0.043096,-0.311246,0.009577,
212283804731,212286363073,3,-0.023942,-0.320823,0.004788,
212293836731,212313823388,3,-0.062249,-0.330400,0.038307,
212303884731,212316609638,3,-0.004788,-0.320823,0.047884,
212313916731,212319708180,3,-0.014365,-0.363919,-0.105345,
212323964731,212326491514,3,-0.129287,-0.354342,-0.205901,
212333996731,212338465370,3,-0.143652,-0.292093,-0.263362,
212344012731,212347477818,3,-0.134075,-0.229843,-0.359130,
212354060731,212379794384,3,-0.172383,-0.191536,-0.296881,
212364092731,212379831259,3,-0.090980,-0.148441,-0.162806,
212374140731,212382102041,3,0.004788,-0.201113,-0.057461,
212384172731,212387092197,3,0.052672,-0.167594,-0.105345,
212394220731,212404385428,3,-0.004788,-0.134075,-0.095768,
212404300731,212411062043,3,0.076614,-0.124498,-0.119710,
212414300731,212418846784,3,0.181959,-0.186748,-0.052672,
212424316731,212428002878,3,0.143652,-0.210690,0.019154,
212434348731,212452072777,3,0.095768,-0.205901,0.033519,
212444396731,212458807204,3,0.067038,-0.153229,0.028730,
212454476731,212460254913,3,0.009577,-0.119710,-0.038307,
212464476731,212476942727,3,0.038307,-0.148441,-0.110133,
212474524731,212481821998,3,0.043096,-0.081403,-0.167594,
212484556731,212493683822,3,-0.009577,-0.129287,-0.081403,
212494604731,212509538512,3,-0.019154,-0.162806,-0.014365,
212504652731,212514849814,3,0.047884,-0.248997,-0.062249,
212514652731,212517564762,3,0.129287,-0.229843,0.067038,
212524700731,212527935909,3,0.105345,-0.196325,0.158017,
212534732731,212540728775,3,0.076614,-0.172383,0.071826,
212544780731,212555209297,3,-0.004788,-0.225055,0.028730,
212554844731,212558867787,3,0.014365,-0.272939,-0.038307,
212564860731,212572031487,3,0.071826,-0.234632,0.014365,
212574908731,212580880290,3,0.210690,-0.191536,0.095768,
212584940731,212593560395,3,0.210690,-0.110133,-0.033519,
212595052731,212613387272,3,0.162806,-0.062249,-0.129287,
212605004731,212613422272,3,0.148441,-0.129287,-0.076614,
212615036731,212618456856,3,0.191536,-0.071826,-0.076614,
212625084731,212629853367,3,0.143652,-0.105345,-0.057461,
212635116731,212642225921,3,0.153229,-0.220267,-0.062249,
212645164731,212647956286,3,0.158017,-0.229843,0.000000,
212655196731,212662039933,3,0.153229,-0.234632,0.038307,
212665244731,212677982070,3,0.124498,-0.181959,0.009577,
212675292731,212683560768,3,0.177171,-0.186748,0.014365,
212685292731,212687922540,3,0.172383,-0.205901,0.019154,
212695340731,212708381292,3,0.162806,-0.124498,0.114922,
212705372731,212718899053,3,0.167594,-0.105345,0.000000,
212715420731,212721109731,3,0.129287,-0.196325,-0.052672,
212725468731,212728871450,3,0.177171,-0.220267,0.014365,
212735500731,212747197806,3,0.196325,-0.239420,0.110133,
212745548731,212752489942,3,0.191536,-0.301669,0.110133,
212755580731,212758354891,3,0.253785,-0.282516,0.124498,
212765596731,212775429580,3,0.229843,-0.258574,0.095768,
212775676731,212785550258,3,0.186748,-0.186748,0.062249,
212785676731,212791627915,3,0.210690,-0.110133,0.000000,
212795724731,212801827499,3,0.239420,-0.100556,0.114922,
212805756731,212816886980,3,0.287304,-0.057461,0.210690,
212815804731,212819487605,3,0.316035,-0.124498,0.339977,
212825852731,212828815054,3,0.383072,-0.148441,0.234632,
212835884731,212845297660,3,0.416591,-0.081403,0.129287,
212845932731,212848992347,3,0.464475,-0.090980,0.153229,
212855932731,212876606673,3,0.411803,-0.004788,0.138864,
212865980731,212877517090,3,0.354342,0.019154,0.167594,
212876028731,212884513028,3,0.411803,0.047884,0.095768,
212886060731,212890857143,3,0.407014,0.086191,0.191536,
212896108731,212909871104,3,0.378284,0.004788,0.215478,
212906140731,212919844594,3,0.392649,-0.019154,0.210690,
212916188731,212943613086,3,0.344765,-0.009577,0.210690,
212926236731,212951051993,3,0.253785,0.000000,0.186748,
212936268731,212951090274,3,0.167594,-0.028730,0.124498,
212946284731,212956809025,3,0.134075,0.028730,0.181959,
212956316731,212979062569,3,0.110133,0.019154,0.110133,
212966364731,212991049237,3,0.105345,0.043096,0.201113,
212976412731,212995685331,3,0.124498,0.062249,0.239420,
212986444731,213023874448,3,0.119710,0.090980,0.205901,
212996492731,213041764138,3,0.086191,0.143652,0.134075,
213006524731,213041800856,3,-0.004788,0.244209,0.014365,
213016572731,213041823513,3,-0.014365,0.268151,-0.129287,
213026588731,213055931431,3,-0.114922,0.301669,-0.028730,
213036620731,213055968774,3,0.009577,0.205901,0.004788,
213046668731,213061250337,3,0.023942,0.201113,0.143652,
213056700731,213069589713,3,0.014365,0.277727,0.105345,
213066748731,213075603724,3,-0.071826,0.325611,0.162806,
213076780731,213084659923,3,-0.028730,0.272939,0.129287,
213086828731,213092892007,3,0.038307,0.349553,0.052672,
213096876731,213109896748,3,0.009577,0.339977,0.009577,
213106908731,213114976853,3,0.038307,0.325611,0.014365,
213116924731,213121835812,3,0.023942,0.387861,0.047884,
213126956731,213154289617,3,-0.023942,0.397437,0.071826,
213137004731,213154318315,3,0.028730,0.445322,0.225055,
213147052731,213154366180,3,0.114922,0.373495,0.229843,
213157084731,213161098681,3,0.181959,0.373495,0.215478,
213167132731,213171157796,3,0.153229,0.426168,0.201113,
213177180731,213180187537,3,0.000000,0.411803,0.191536,
213187212731,213190132121,3,0.071826,0.397437,0.076614,
213197228731,213202391654,3,0.124498,0.354342,0.052672,
213207260731,213211036759,3,0.239420,0.301669,0.162806,
213217308731,213227521864,3,0.191536,0.344765,0.114922,
213227356731,213237009990,3,0.110133,0.407014,0.062249,
213237356731,213246364054,3,0.119710,0.359130,0.014365,
213247404731,213250135200,3,0.105345,0.373495,0.014365,
213257420731,213260845514,3,0.134075,0.411803,0.253785,
213267516731,213279359057,3,0.191536,0.344765,0.114922,
213277532731,213281689891,3,0.158017,0.268151,0.095768,
213287564731,213290152079,3,0.105345,0.368707,-0.090980,
213297612731,213303468747,3,-0.019154,0.450110,-0.105345,
213307644731,213311010779,3,-0.105345,0.363919,-0.110133,
213317692731,213321570520,3,0.023942,0.335188,-0.095768,
213327740731,213347369741,3,0.019154,0.244209,0.000000,
213337772731,213347400262,3,0.038307,0.225055,0.153229,
213347820731,213356903700,3,0.028730,0.220267,0.153229,
213357852731,213363313440,3,0.009577,0.325611,0.244209,
213367868731,213373446983,3,-0.086191,0.339977,0.248997,
213377916731,213392192662,3,-0.095768,0.316035,0.043096,
213387948731,213408829122,3,-0.205901,0.435745,0.038307,
213397996731,213411711466,3,-0.124498,0.502782,0.028730,
213408028731,213413209852,3,-0.172383,0.488417,-0.047884,
213418076731,213433764072,3,-0.071826,0.402226,0.110133,
213428108731,213433819020,3,-0.071826,0.363919,0.196325,
213438156731,213440780531,3,-0.043096,0.507571,0.277727,
213448172731,213467734128,3,-0.028730,0.488417,0.148441,
213458204731,213473572410,3,-0.067038,0.521936,0.210690,
213468252731,213477103920,3,-0.086191,0.502782,0.177171,
213478284731,213481402254,3,-0.105345,0.483629,0.153229,
213488332731,213493016214,3,-0.095768,0.411803,0.167594,
213498380731,213510934809,3,-0.090980,0.407014,0.220267,
213508412731,213515938403,3,-0.119710,0.392649,0.296881,
213518460731,213538626375,3,-0.095768,0.383072,0.220267,
213528492731,213538666947,3,-0.210690,0.354342,0.248997,
213538508731,213546391063,3,-0.162806,0.268151,0.244209,
213548556731,213552059345,3,-0.086191,0.373495,0.229843,
213558588731,213564058408,3,-0.186748,0.248997,0.153229,
213568668731,213573898722,3,-0.287304,0.292093,0.052672,
213578668731,213581658254,3,-0.181959,0.416591,-0.019154,
213588716731,213597037370,3,-0.239420,0.459687,-0.023942,
213598764731,213607996069,3,-0.138864,0.459687,0.124498,
213608796731,213611401851,3,-0.100556,0.392649,0.162806,
213618812731,213626050862,3,-0.153229,0.416591,0.134075,
213628844731,213638523312,3,-0.239420,0.383072,0.000000,
213638892731,213643403364,3,-0.138864,0.296881,-0.086191,
213648940731,213655267063,3,-0.062249,0.258574,0.067038,
213658972731,213663802845,3,0.019154,0.248997,0.191536,
213669020731,213672432898,3,0.028730,0.181959,0.167594,
213679052731,213682058212,3,0.000000,0.301669,0.158017,
213689100731,213696379619,3,-0.071826,0.306458,0.153229,
213699132731,213704757224,3,-0.129287,0.316035,0.153229,
213709148731,213712330246,3,-0.100556,0.282516,0.076614,
213719196731,213722337539,3,0.004788,0.220267,-0.038307,
213729228731,213732226238,3,-0.076614,0.148441,0.014365,
213739276731,213748607698,3,-0.047884,0.124498,-0.019154,
213749308731,213752595771,3,-0.062249,0.215478,0.090980,
213759356731,213770396762,3,-0.081403,0.196325,-0.038307,
213769404731,213778001086,3,-0.062249,0.210690,-0.057461,
213779436731,213784935201,3,-0.028730,0.253785,0.071826,
213789452731,213793610410,3,-0.038307,0.239420,0.090980,
213799500731,213819325205,3,-0.028730,0.229843,0.158017,
213809532731,213822686924,3,-0.100556,0.205901,0.062249,
213819612731,213831762393,3,-0.119710,0.138864,0.143652,
213829612731,213855878229,3,-0.100556,0.119710,0.210690,
213839660731,213855906510,3,-0.062249,0.153229,0.292093,
213849692731,213864569792,3,-0.071826,0.081403,0.205901,
213859740731,213868367762,3,-0.119710,0.047884,-0.023942,
213869788731,213872980939,3,-0.258574,0.095768,-0.023942,
213879788731,213882695992,3,-0.268151,0.081403,-0.105345,
213889836731,213898302973,3,-0.287304,0.086191,-0.014365,
213899868731,213909126568,3,-0.229843,0.052672,0.047884,
213909916731,213913159745,3,-0.086191,0.014365,0.076614,
213919964731,213924471569,3,-0.138864,-0.023942,0.047884,
213929996731,213941074644,3,-0.282516,0.057461,0.009577,
213940044731,213956340687,3,-0.330400,0.028730,-0.129287,
213950076731,213970777199,3,-0.339977,0.095768,-0.167594,
213960124731,213975469491,3,-0.311246,0.033519,0.004788,
213970108731,213975517251,3,-0.215478,-0.090980,-0.004788,
213980172731,213984731315,3,-0.100556,-0.114922,0.033519,
213990220731,213998924233,3,-0.158017,-0.110133,0.019154,
214000252731,214002975483,3,-0.292093,-0.076614,-0.138864,
214010300731,214022015954,3,-0.244209,-0.062249,-0.071826,
214020348731,214030060226,3,-0.201113,-0.124498,-0.062249,
214030380731,214040695435,3,-0.143652,-0.110133,-0.033519,
214040396731,214044639758,3,-0.205901,-0.162806,-0.014365,
214050428731,214055905541,3,-0.225055,-0.134075,-0.009577,
214060476731,214066520906,3,-0.248997,-0.167594,0.009577,
214070524731,214074070542,3,-0.258574,-0.172383,-0.043096,
214080556731,214083651325,3,-0.325611,-0.181959,-0.143652,
214090604731,214094559294,3,-0.363919,-0.162806,-0.181959,
214100636731,214113538203,3,-0.344765,-0.225055,-0.253785,
214110684731,214118957943,3,-0.320823,-0.215478,-0.186748,
214120716731,214132957840,3,-0.287304,-0.268151,-0.268151,
214130732731,214135724299,3,-0.292093,-0.201113,-0.220267,
214140780731,214144661591,3,-0.263362,-0.225055,-0.268151,
214150812731,214154448363,3,-0.359130,-0.229843,-0.253785,
214160860731,214163839353,3,-0.325611,-0.239420,-0.311246,
214170892731,214186730658,3,-0.258574,-0.148441,-0.287304,
214180940731,214189448314,3,-0.172383,-0.186748,-0.292093,
214190988731,214195033627,3,-0.100556,-0.215478,-0.215478,
214201020731,214208528629,3,-0.143652,-0.181959,-0.268151,
214211068731,214213876025,3,-0.177171,-0.191536,-0.225055,
214221100731,214239880767,3,-0.086191,-0.277727,-0.167594,
214231116731,214239933371,3,-0.019154,-0.320823,-0.081403,
214241164731,214246024674,3,0.067038,-0.325611,-0.100556,
214251164731,214255454988,3,0.023942,-0.277727,-0.105345,
214261212731,214264674520,3,0.076614,-0.292093,-0.067038,
214271276731,214281004001,3,-0.009577,-0.263362,-0.124498,
214281324731,214285860616,3,-0.014365,-0.272939,-0.086191,
214291372731,214296704106,3,0.047884,-0.306458,-0.052672,
214301404731,214304487388,3,0.100556,-0.244209,0.057461,
214311420731,214316255150,3,0.057461,-0.215478,0.004788,
214321452731,214325917703,3,0.033519,-0.311246,0.009577,
214331500731,214336620777,3,0.067038,-0.210690,-0.014365,
214341548731,214349004528,3,0.081403,-0.191536,-0.014365,
214351580731,214354656820,3,0.057461,-0.258574,-0.047884,
214361628731,214365896821,3,0.081403,-0.248997,-0.009577,
214371660731,214382381511,3,0.105345,-0.181959,-0.086191,
214381708731,214386005782,3,0.148441,-0.220267,-0.110133,
214391724731,214398821304,3,0.129287,-0.225055,-0.153229,
214401756731,214416862399,3,0.129287,-0.268151,-0.043096,
214411804731,214416891358,3,0.119710,-0.296881,-0.033519,
214421836731,214433594172,3,0.201113,-0.292093,-0.052672,
214431884731,214440191621,3,0.229843,-0.234632,0.057461,
214441932731,214445033444,3,0.205901,-0.186748,0.047884,
214451964731,214454404278,3,0.248997,-0.191536,0.086191,
214462012731,214467817352,3,0.268151,-0.143652,0.138864,
214472044731,214481836625,3,0.263362,-0.210690,0.067038,
214482060731,214486577042,3,0.272939,-0.272939,0.090980,
214492124731,214498219908,3,0.220267,-0.263362,0.110133,
214502140731,214504914387,3,0.229843,-0.287304,0.090980,
214512188731,214515325222,3,0.210690,-0.244209,0.067038,
214522220731,214525954806,3,0.263362,-0.268151,0.095768,
214532268731,214534592463,3,0.253785,-0.205901,0.057461,
214542300731,214545811527,3,0.306458,-0.177171,0.124498,
214552348731,214558269393,3,0.225055,-0.186748,0.134075,
214562364731,214576445332,3,0.268151,-0.148441,0.071826,
214572396731,214577786686,3,0.263362,-0.258574,0.009577,
214582444731,214587199916,3,0.282516,-0.258574,0.004788,
214592508731,214600863876,3,0.263362,-0.205901,0.033519,
214602524731,214606037054,3,0.181959,-0.162806,-0.009577,
214612572731,214615179190,3,0.201113,-0.167594,0.076614,
214622604731,214628289087,3,0.172383,-0.172383,0.062249,
214632652731,214642954089,3,0.215478,-0.205901,0.057461,
214642716731,214645962422,3,0.210690,-0.177171,0.033519,
214652700731,214658438726,3,0.220267,-0.158017,0.019154,
214662748731,214679536905,3,0.220267,-0.119710,-0.004788,
214672780731,214680957999,3,0.143652,-0.095768,0.062249,
214682828731,214685989405,3,0.196325,-0.110133,0.119710,
214692860731,214698577844,3,0.158017,-0.067038,0.095768,
214702908731,214707263418,3,0.138864,-0.081403,0.019154,
214712956731,214716907169,3,0.114922,-0.086191,0.023942,
214722988731,214732340087,3,0.196325,-0.105345,0.028730,
214733036731,214737659046,3,0.114922,-0.047884,0.095768,
214743036731,214745873839,3,0.167594,-0.057461,0.000000,
214753084731,214770266549,3,0.158017,-0.028730,0.071826,
214763132731,214777262175,3,0.148441,0.009577,0.071826,
214773196731,214779687436,3,0.119710,0.023942,0.062249,
214783212731,214786224259,3,0.095768,0.081403,0.052672,
214793244731,214802153063,3,0.090980,0.052672,0.023942,
214803292731,214807190095,3,0.033519,0.014365,0.033519,
214813340731,214815956971,3,0.090980,0.071826,-0.033519,
214823340731,214831413274,3,0.014365,0.038307,-0.009577,
214833388731,214837060618,3,0.071826,0.110133,0.014365,
214843420731,214867016611,3,0.158017,0.134075,0.047884,
214853468731,214867055153,3,0.110133,0.076614,0.019154,
214863516731,214870283382,3,0.028730,0.081403,0.000000,
214873548731,214897881458,3,0.119710,0.124498,0.038307,
214883596731,214897909999,3,0.100556,0.134075,-0.009577,
214893628731,214897936875,3,0.105345,0.201113,0.038307,
214903676731,214907890782,3,0.076614,0.162806,0.105345,
214913692731,214919827398,3,0.110133,0.158017,0.062249,
214923724731,214939413962,3,0.119710,0.239420,0.086191,
214933772731,214939437295,3,0.100556,0.129287,0.105345,
214943804731,214947341254,3,0.158017,0.100556,0.071826,
214953852731,214959470943,3,0.067038,0.162806,0.162806,
214963884731,214968124069,3,0.153229,0.105345,0.124498,
214973932731,214976385268,3,0.191536,0.172383,0.186748,
214983980731,214992491676,3,0.090980,0.153229,0.181959,
214993980731,214997713864,3,0.062249,0.177171,0.138864,
215004028731,215007538708,3,0.043096,0.143652,0.138864,
215014060731,215027424856,3,0.067038,0.215478,0.086191,
215024140731,215042034128,3,0.090980,0.229843,0.052672,
215034156731,215043638868,3,0.086191,0.301669,0.138864,
215044188731,215050071421,3,0.071826,0.296881,0.153229,
215054236731,215071943298,3,0.090980,0.359130,0.143652,
215064268731,215071971736,3,0.095768,0.359130,0.114922,
215074316731,215083590643,3,0.100556,0.316035,0.095768,
215084332731,215097439342,3,0.124498,0.378284,0.148441,
215094364731,215099459603,3,0.134075,0.397437,0.282516,
215104412731,215107359968,3,0.253785,0.349553,0.244209,
215114444731,215131886689,3,0.220267,0.435745,0.253785,
215124492731,215131916481,3,0.181959,0.373495,0.292093,
215134540731,215143498982,3,0.057461,0.493206,0.191536,
215144572731,215147628358,3,0.143652,0.397437,0.282516,
215154620731,215162618307,3,0.162806,0.359130,0.368707,
215164620731,215178657684,3,0.167594,0.445322,0.416591,
215174668731,215178685496,3,0.095768,0.387861,0.392649,
215184716731,215190229352,3,0.076614,0.378284,0.330400,
215194748731,215198505134,3,0.067038,0.354342,0.248997,
215204796731,215208700135,3,0.004788,0.320823,0.234632,
215214828731,215235418679,3,-0.028730,0.368707,0.110133,
215224876731,215238713783,3,-0.076614,0.354342,0.043096,
215234924731,215245771857,3,-0.057461,0.445322,0.033519,
215244892731,215249390451,3,-0.043096,0.349553,0.081403,
215254940731,215264164359,3,-0.062249,0.421380,0.009577,
215264988731,215268906286,3,-0.047884,0.483629,0.019154,
215275052731,215278214569,3,-0.129287,0.368707,0.086191,
215285100731,215294906706,3,-0.076614,0.268151,0.134075,
215295132731,215301375144,3,-0.028730,0.368707,0.181959,
215305180731,215308157592,3,-0.081403,0.316035,0.162806,
215315212731,215329665824,3,-0.220267,0.292093,0.167594,
215325260731,215331480928,3,-0.158017,0.296881,0.000000,
215335276731,215339122023,3,-0.162806,0.210690,-0.004788,
215345308731,215350283065,3,-0.181959,0.148441,0.038307,
215355356731,215361171921,3,-0.162806,0.191536,0.009577,
215365388731,215369214942,3,-0.095768,0.229843,-0.019154,
215375436731,215379445464,3,-0.086191,0.248997,0.004788,
215385484731,215401593696,3,-0.167594,0.272939,-0.110133,
215395516731,215404634737,3,-0.186748,0.239420,-0.067038,
215405564731,215408648748,3,-0.052672,0.244209,-0.023942,
215415596731,215423850729,3,0.038307,0.277727,0.076614,
215425612731,215429804740,3,-0.019154,0.181959,0.047884,
215435660731,215438681095,3,-0.172383,0.215478,0.019154,
215445692731,215450703857,3,-0.143652,0.225055,-0.009577,
215455740731,215465550525,3,-0.105345,0.196325,-0.014365,
215465772731,215469353546,3,-0.201113,0.067038,0.057461,
215475820731,215479453235,3,-0.143652,0.067038,0.052672,
215485868731,215493919903,3,-0.086191,0.105345,0.119710,
215495900731,215498870059,3,-0.023942,0.071826,0.172383,
215505916731,215513824280,3,-0.019154,0.057461,0.296881,
215515948731,215526078031,3,0.000000,0.043096,0.263362,
215525996731,215529692458,3,0.000000,0.023942,0.158017,
215536044731,215538583657,3,-0.134075,0.090980,0.086191,
215546076731,215549151471,3,-0.244209,0.134075,-0.119710,
215556124731,215562779649,3,-0.186748,0.244209,-0.105345,
215566156731,215569008816,3,-0.134075,0.181959,0.014365,
215576204731,215583112828,3,-0.124498,0.148441,0.028730,
215586236731,215591031996,3,-0.143652,0.114922,0.071826,
215596252731,215604037309,3,-0.076614,0.067038,0.076614,
215606300731,215610589602,3,-0.067038,0.172383,-0.047884,
215616332731,215628163249,3,-0.114922,0.229843,-0.086191,
215626412731,215630673718,3,-0.153229,0.296881,-0.090980,
215636412731,215640584396,3,-0.100556,0.248997,-0.019154,
215646460731,215656844658,3,-0.167594,0.191536,0.062249,
215656508731,215665038774,3,-0.191536,0.119710,0.081403,
215666540731,215669483358,3,-0.215478,0.019154,0.062249,
215676556731,215686419766,3,-0.119710,0.057461,0.009577,
215686588731,215692637214,3,-0.076614,0.067038,-0.019154,
215696636731,215701744871,3,-0.220267,0.009577,-0.143652,
215706684731,215709443257,3,-0.229843,0.023942,-0.253785,
215716716731,215720521384,3,-0.296881,0.038307,-0.153229,
215726764731,215730496332,3,-0.268151,0.000000,-0.210690,
215736796731,215740042583,3,-0.229843,0.019154,-0.258574,
215746844731,215752427741,3,-0.181959,-0.023942,-0.354342,
215756892731,215759955450,3,-0.205901,0.004788,-0.177171,
215766892731,215770046857,3,-0.134075,-0.043096,-0.105345,
215776940731,215779585035,3,-0.105345,-0.038307,-0.057461,
215786972731,215797114152,3,-0.114922,-0.138864,-0.086191,
215796988731,215801768006,3,-0.201113,-0.191536,-0.086191,
215807068731,215810206132,3,-0.076614,-0.172383,-0.067038,
215817100731,215822774519,3,-0.023942,-0.181959,-0.086191,
215827148731,215853223272,3,-0.071826,-0.172383,-0.105345,
215837180731,215853274366,3,-0.134075,-0.177171,-0.311246,
215847196731,215853302803,3,-0.148441,-0.201113,-0.263362,
215857244731,215859939002,3,-0.124498,-0.229843,-0.282516,
215867276731,215871042909,3,-0.047884,-0.258574,-0.229843,
215877324731,215915546976,3,0.000000,-0.153229,-0.205901,
215887356731,215915589320,3,0.023942,-0.148441,-0.081403,
215897404731,215915615726,3,0.129287,-0.129287,-0.095768,
215907452731,215915640674,3,0.105345,-0.110133,-0.090980,
215917484731,215921978435,3,0.004788,-0.090980,-0.062249,
215927532731,215930960102,3,0.038307,-0.100556,-0.009577,
215937532731,215940108593,3,0.105345,-0.100556,0.043096,
215947580731,215958476668,3,0.043096,-0.148441,0.028730,
215957644731,215964362137,3,0.090980,-0.153229,0.019154,
215967660731,215972894273,3,0.114922,-0.023942,0.023942,
215977708731,215980330159,3,0.134075,0.028730,-0.009577,
215987740731,215996576359,3,0.153229,-0.023942,-0.081403,
215997788731,216002845995,3,0.023942,-0.062249,-0.105345,
216007820731,216034972821,3,0.052672,-0.028730,-0.028730,
216017868731,216041440218,3,0.095768,-0.057461,-0.014365,
216027884731,216044471260,3,0.186748,-0.067038,-0.052672,
216037948731,216044509697,3,0.210690,-0.129287,0.000000,
216047996731,216061567199,3,0.138864,-0.100556,0.052672,
216057996731,216062774386,3,0.138864,0.000000,-0.062249,
216068044731,216075359023,3,0.114922,-0.019154,-0.100556,
216078092731,216095571108,3,0.110133,-0.081403,0.119710,
216088124731,216097683661,3,0.095768,-0.191536,0.071826,
216098172731,216102278661,3,0.081403,-0.186748,-0.086191,
216108172731,216113507412,3,0.033519,-0.081403,-0.177171,
216118220731,216121887153,3,0.129287,0.000000,-0.407014,
216128268731,216131782727,3,0.071826,-0.009577,-0.033519,
216138300731,216140766894,3,0.090980,-0.071826,-0.119710,
216148348731,216172699033,3,0.076614,0.090980,-0.129287,
216158380731,216180519763,3,0.181959,0.000000,-0.229843,
216168428731,216185231742,3,-0.043096,-0.023942,0.014365,
216178476731,216188278357,3,-0.043096,-0.110133,0.052672,
216188508731,216196329504,3,0.004788,0.023942,-0.038307,
216198524731,216207302005,3,-0.004788,-0.023942,0.057461,
216208556731,216239009456,3,-0.067038,-0.086191,0.062249,
216218604731,216239047789,3,-0.076614,-0.153229,0.000000,
216228652731,216239097633,3,-0.090980,-0.105345,-0.052672,
216238684731,216259140083,3,-0.067038,-0.081403,-0.201113,
216248700731,216278433210,3,-0.114922,-0.081403,-0.119710,
216258716731,216278473679,3,-0.057461,-0.067038,-0.057461,
